{
  "type": "FeatureCollection",
  "name": "sdss_result",
  "crs": {
    "type": "name",
    "properties": {
      "name": "urn:ogc:def:crs:OGC:1.3:CRS84"
    }
  },
  "features": [
    {
      "type": "Feature",
      "properties": {
        "confidence": 0.7,
        "scene_id": "2026-05-22T01:05:09+00:00",
        "status": "active",
        "disaster_type": "Gempa Bumi",
        "wilayah": "124 km Tenggara BITUNG-SULUT (Desa Tifure)",
        "source": "BMKG",
        "ADM4_EN": null,
        "ADM4_PCODE": null,
        "ADM4_REF": null,
        "ADM4ALT1EN": null,
        "ADM4ALT2EN": null,
        "ADM3_EN": null,
        "ADM3_PCODE": null,
        "ADM2_EN": null,
        "ADM2_PCODE": null,
        "ADM1_EN": null,
        "ADM1_PCODE": null,
        "ADM0_EN": null,
        "ADM0_PCODE": null
      },
      "geometry": {
        "type": "Point",
        "coordinates": [
          126.14741,
          0.975271
        ]
      }
    },
    {
      "type": "Feature",
      "properties": {
        "confidence": 0.7,
        "scene_id": "2026-05-23T12:40:26+00:00",
        "status": "active",
        "disaster_type": "Gempa Bumi",
        "wilayah": "45 km BaratDaya BENGKULUSELATAN (Desa Ketaping)",
        "source": "BMKG",
        "ADM4_EN": null,
        "ADM4_PCODE": null,
        "ADM4_REF": null,
        "ADM4ALT1EN": null,
        "ADM4ALT2EN": null,
        "ADM3_EN": null,
        "ADM3_PCODE": null,
        "ADM2_EN": null,
        "ADM2_PCODE": null,
        "ADM1_EN": null,
        "ADM1_PCODE": null,
        "ADM0_EN": null,
        "ADM0_PCODE": null
      },
      "geometry": {
        "type": "Point",
        "coordinates": [
          102.908633,
          -4.485984
        ]
      }
    },
    {
      "type": "Feature",
      "properties": {
        "confidence": 0.7,
        "scene_id": "2026-05-25T10:23:58+00:00",
        "status": "active",
        "disaster_type": "Gempa Bumi",
        "wilayah": "115 km TimurLaut MALUKUBRTDAYA (Desa Wulur)",
        "source": "BMKG",
        "ADM4_EN": null,
        "ADM4_PCODE": null,
        "ADM4_REF": null,
        "ADM4ALT1EN": null,
        "ADM4ALT2EN": null,
        "ADM3_EN": null,
        "ADM3_PCODE": null,
        "ADM2_EN": null,
        "ADM2_PCODE": null,
        "ADM1_EN": null,
        "ADM1_PCODE": null,
        "ADM0_EN": null,
        "ADM0_PCODE": null
      },
      "geometry": {
        "type": "Point",
        "coordinates": [
          128.621313,
          -7.194302
        ]
      }
    },
    {
      "type": "Feature",
      "properties": {
        "confidence": 0.7,
        "scene_id": "2026-05-25T20:39:21+00:00",
        "status": "active",
        "disaster_type": "Gempa Bumi",
        "wilayah": "125 km Tenggara BITUNG-SULUT (Desa Tifure)",
        "source": "BMKG",
        "ADM4_EN": null,
        "ADM4_PCODE": null,
        "ADM4_REF": null,
        "ADM4ALT1EN": null,
        "ADM4ALT2EN": null,
        "ADM3_EN": null,
        "ADM3_PCODE": null,
        "ADM2_EN": null,
        "ADM2_PCODE": null,
        "ADM1_EN": null,
        "ADM1_PCODE": null,
        "ADM0_EN": null,
        "ADM0_PCODE": null
      },
      "geometry": {
        "type": "Point",
        "coordinates": [
          126.14741,
          0.975271
        ]
      }
    },
    {
      "type": "Feature",
      "properties": {
        "confidence": 0.7,
        "scene_id": "2026-05-25T22:03:43+00:00",
        "status": "active",
        "disaster_type": "Gempa Bumi",
        "wilayah": "45 km Tenggara KAIMANA-PAPUABRT (Desa Lumira)",
        "source": "BMKG",
        "ADM4_EN": null,
        "ADM4_PCODE": null,
        "ADM4_REF": null,
        "ADM4ALT1EN": null,
        "ADM4ALT2EN": null,
        "ADM3_EN": null,
        "ADM3_PCODE": null,
        "ADM2_EN": null,
        "ADM2_PCODE": null,
        "ADM1_EN": null,
        "ADM1_PCODE": null,
        "ADM0_EN": null,
        "ADM0_PCODE": null
      },
      "geometry": {
        "type": "Point",
        "coordinates": [
          134.117705,
          -3.948662
        ]
      }
    },
    {
      "type": "Feature",
      "properties": {
        "confidence": 0.5,
        "scene_id": "nowcast_2.49.0.1.360.0.2026.05.26.06.91.004",
        "status": "active",
        "disaster_type": "Banjir",
        "wilayah": "Papua (Desa Anasi)",
        "source": "BMKG",
        "ADM4_EN": null,
        "ADM4_PCODE": null,
        "ADM4_REF": null,
        "ADM4ALT1EN": null,
        "ADM4ALT2EN": null,
        "ADM3_EN": null,
        "ADM3_PCODE": null,
        "ADM2_EN": null,
        "ADM2_PCODE": null,
        "ADM1_EN": null,
        "ADM1_PCODE": null,
        "ADM0_EN": null,
        "ADM0_PCODE": null
      },
      "geometry": {
        "type": "Point",
        "coordinates": [
          137.551999,
          -1.835879
        ]
      }
    },
    {
      "type": "Feature",
      "properties": {
        "confidence": 0.5,
        "scene_id": "nowcast_2.49.0.1.360.0.2026.05.26.06.71.002",
        "status": "active",
        "disaster_type": "Banjir",
        "wilayah": "Sulawesi Utara (Desa Pasir Putih)",
        "source": "BMKG",
        "ADM4_EN": null,
        "ADM4_PCODE": null,
        "ADM4_REF": null,
        "ADM4ALT1EN": null,
        "ADM4ALT2EN": null,
        "ADM3_EN": null,
        "ADM3_PCODE": null,
        "ADM2_EN": null,
        "ADM2_PCODE": null,
        "ADM1_EN": null,
        "ADM1_PCODE": null,
        "ADM0_EN": null,
        "ADM0_PCODE": null
      },
      "geometry": {
        "type": "Point",
        "coordinates": [
          123.779148,
          0.760123
        ]
      }
    },
    {
      "type": "Feature",
      "properties": {
        "confidence": 0.5,
        "scene_id": "nowcast_2.49.0.1.360.0.2026.05.26.06.64.003",
        "status": "active",
        "disaster_type": "Banjir",
        "wilayah": "Kalimantan Timur (Desa Long Pelay)",
        "source": "BMKG",
        "ADM4_EN": null,
        "ADM4_PCODE": null,
        "ADM4_REF": null,
        "ADM4ALT1EN": null,
        "ADM4ALT2EN": null,
        "ADM3_EN": null,
        "ADM3_PCODE": null,
        "ADM2_EN": null,
        "ADM2_PCODE": null,
        "ADM1_EN": null,
        "ADM1_PCODE": null,
        "ADM0_EN": null,
        "ADM0_PCODE": null
      },
      "geometry": {
        "type": "Point",
        "coordinates": [
          116.66111,
          1.951307
        ]
      }
    },
    {
      "type": "Feature",
      "properties": {
        "confidence": 0.5,
        "scene_id": "nowcast_2.49.0.1.360.0.2026.05.26.06.64.002",
        "status": "active",
        "disaster_type": "Banjir",
        "wilayah": "Kalimantan Timur (Desa Long Pelay)",
        "source": "BMKG",
        "ADM4_EN": null,
        "ADM4_PCODE": null,
        "ADM4_REF": null,
        "ADM4ALT1EN": null,
        "ADM4ALT2EN": null,
        "ADM3_EN": null,
        "ADM3_PCODE": null,
        "ADM2_EN": null,
        "ADM2_PCODE": null,
        "ADM1_EN": null,
        "ADM1_PCODE": null,
        "ADM0_EN": null,
        "ADM0_PCODE": null
      },
      "geometry": {
        "type": "Point",
        "coordinates": [
          116.66111,
          1.951307
        ]
      }
    },
    {
      "type": "Feature",
      "properties": {
        "confidence": 0.5,
        "scene_id": "nowcast_2.49.0.1.360.0.2026.05.26.06.81.002",
        "status": "active",
        "disaster_type": "Banjir",
        "wilayah": "Maluku (Desa Tungu)",
        "source": "BMKG",
        "ADM4_EN": null,
        "ADM4_PCODE": null,
        "ADM4_REF": null,
        "ADM4ALT1EN": null,
        "ADM4ALT2EN": null,
        "ADM3_EN": null,
        "ADM3_PCODE": null,
        "ADM2_EN": null,
        "ADM2_PCODE": null,
        "ADM1_EN": null,
        "ADM1_PCODE": null,
        "ADM0_EN": null,
        "ADM0_PCODE": null
      },
      "geometry": {
        "type": "Point",
        "coordinates": [
          134.391036,
          -5.822177
        ]
      }
    },
    {
      "type": "Feature",
      "properties": {
        "confidence": 0.5,
        "scene_id": "nowcast_2.49.0.1.360.0.2026.05.26.06.63.003",
        "status": "active",
        "disaster_type": "Banjir",
        "wilayah": "Kalimantan Selatan (Desa Kalaan)",
        "source": "BMKG",
        "ADM4_EN": null,
        "ADM4_PCODE": null,
        "ADM4_REF": null,
        "ADM4ALT1EN": null,
        "ADM4ALT2EN": null,
        "ADM3_EN": null,
        "ADM3_PCODE": null,
        "ADM2_EN": null,
        "ADM2_PCODE": null,
        "ADM1_EN": null,
        "ADM1_PCODE": null,
        "ADM0_EN": null,
        "ADM0_PCODE": null
      },
      "geometry": {
        "type": "Point",
        "coordinates": [
          115.169237,
          -3.568604
        ]
      }
    },
    {
      "type": "Feature",
      "properties": {
        "confidence": 0.5,
        "scene_id": "nowcast_2.49.0.1.360.0.2026.05.26.06.62.002",
        "status": "active",
        "disaster_type": "Banjir",
        "wilayah": "Kalimantan Tengah (Desa Biha)",
        "source": "BMKG",
        "ADM4_EN": null,
        "ADM4_PCODE": null,
        "ADM4_REF": null,
        "ADM4ALT1EN": null,
        "ADM4ALT2EN": null,
        "ADM3_EN": null,
        "ADM3_PCODE": null,
        "ADM2_EN": null,
        "ADM2_PCODE": null,
        "ADM1_EN": null,
        "ADM1_PCODE": null,
        "ADM0_EN": null,
        "ADM0_PCODE": null
      },
      "geometry": {
        "type": "Point",
        "coordinates": [
          114.730954,
          -0.530458
        ]
      }
    },
    {
      "type": "Feature",
      "properties": {
        "confidence": 0.5,
        "scene_id": "nowcast_2.49.0.1.360.0.2026.05.26.06.21.003",
        "status": "active",
        "disaster_type": "Banjir",
        "wilayah": "Kep. Riau (Desa Sri Bintan)",
        "source": "BMKG",
        "ADM4_EN": null,
        "ADM4_PCODE": null,
        "ADM4_REF": null,
        "ADM4ALT1EN": null,
        "ADM4ALT2EN": null,
        "ADM3_EN": null,
        "ADM3_PCODE": null,
        "ADM2_EN": null,
        "ADM2_PCODE": null,
        "ADM1_EN": null,
        "ADM1_PCODE": null,
        "ADM0_EN": null,
        "ADM0_PCODE": null
      },
      "geometry": {
        "type": "Point",
        "coordinates": [
          104.455052,
          1.127217
        ]
      }
    },
    {
      "type": "Feature",
      "properties": {
        "confidence": 0.5,
        "scene_id": "nowcast_2.49.0.1.360.0.2026.05.26.06.82.002",
        "status": "active",
        "disaster_type": "Banjir",
        "wilayah": "Maluku Utara (Desa Bicoli)",
        "source": "BMKG",
        "ADM4_EN": null,
        "ADM4_PCODE": null,
        "ADM4_REF": null,
        "ADM4ALT1EN": null,
        "ADM4ALT2EN": null,
        "ADM3_EN": null,
        "ADM3_PCODE": null,
        "ADM2_EN": null,
        "ADM2_PCODE": null,
        "ADM1_EN": null,
        "ADM1_PCODE": null,
        "ADM0_EN": null,
        "ADM0_PCODE": null
      },
      "geometry": {
        "type": "Point",
        "coordinates": [
          128.542799,
          0.506707
        ]
      }
    },
    {
      "type": "Feature",
      "properties": {
        "confidence": 0.5,
        "scene_id": "nowcast_2.49.0.1.360.0.2026.05.26.06.75.004",
        "status": "active",
        "disaster_type": "Banjir",
        "wilayah": "Gorontalo (Desa Payu)",
        "source": "BMKG",
        "ADM4_EN": null,
        "ADM4_PCODE": null,
        "ADM4_REF": null,
        "ADM4ALT1EN": null,
        "ADM4ALT2EN": null,
        "ADM3_EN": null,
        "ADM3_PCODE": null,
        "ADM2_EN": null,
        "ADM2_PCODE": null,
        "ADM1_EN": null,
        "ADM1_PCODE": null,
        "ADM0_EN": null,
        "ADM0_PCODE": null
      },
      "geometry": {
        "type": "Point",
        "coordinates": [
          122.624548,
          0.76239
        ]
      }
    },
    {
      "type": "Feature",
      "properties": {
        "confidence": 0.5,
        "scene_id": "nowcast_2.49.0.1.360.0.2026.05.26.06.35.001",
        "status": "active",
        "disaster_type": "Banjir",
        "wilayah": "Jawa Timur (Desa Kandangan)",
        "source": "BMKG",
        "ADM4_EN": null,
        "ADM4_PCODE": null,
        "ADM4_REF": null,
        "ADM4ALT1EN": null,
        "ADM4ALT2EN": null,
        "ADM3_EN": null,
        "ADM3_PCODE": null,
        "ADM2_EN": null,
        "ADM2_PCODE": null,
        "ADM1_EN": null,
        "ADM1_PCODE": null,
        "ADM0_EN": null,
        "ADM0_PCODE": null
      },
      "geometry": {
        "type": "Point",
        "coordinates": [
          113.975606,
          -8.486375
        ]
      }
    },
    {
      "type": "Feature",
      "properties": {
        "confidence": 0.5,
        "scene_id": "nowcast_2.49.0.1.360.0.2026.05.26.06.74.002",
        "status": "active",
        "disaster_type": "Banjir",
        "wilayah": "Sulawesi Tenggara (Desa Puundirangga)",
        "source": "BMKG",
        "ADM4_EN": null,
        "ADM4_PCODE": null,
        "ADM4_REF": null,
        "ADM4ALT1EN": null,
        "ADM4ALT2EN": null,
        "ADM3_EN": null,
        "ADM3_PCODE": null,
        "ADM2_EN": null,
        "ADM2_PCODE": null,
        "ADM1_EN": null,
        "ADM1_PCODE": null,
        "ADM0_EN": null,
        "ADM0_PCODE": null
      },
      "geometry": {
        "type": "Point",
        "coordinates": [
          122.854866,
          -4.193539
        ]
      }
    },
    {
      "type": "Feature",
      "properties": {
        "confidence": 0.5,
        "scene_id": "nowcast_2.49.0.1.360.0.2026.05.26.06.74.003",
        "status": "active",
        "disaster_type": "Banjir",
        "wilayah": "Sulawesi Tenggara (Desa Puundirangga)",
        "source": "BMKG",
        "ADM4_EN": null,
        "ADM4_PCODE": null,
        "ADM4_REF": null,
        "ADM4ALT1EN": null,
        "ADM4ALT2EN": null,
        "ADM3_EN": null,
        "ADM3_PCODE": null,
        "ADM2_EN": null,
        "ADM2_PCODE": null,
        "ADM1_EN": null,
        "ADM1_PCODE": null,
        "ADM0_EN": null,
        "ADM0_PCODE": null
      },
      "geometry": {
        "type": "Point",
        "coordinates": [
          122.854866,
          -4.193539
        ]
      }
    },
    {
      "type": "Feature",
      "properties": {
        "confidence": 0.4286,
        "scene_id": "evt_0.9n_104.2e_20260524",
        "processed_at": "2026-05-26T13:25:14.136834",
        "status": "active",
        "disaster_type": null,
        "wilayah": null,
        "source": null,
        "ADM4_EN": "Belian",
        "ADM4_PCODE": "ID2171051003",
        "ADM4_REF": null,
        "ADM4ALT1EN": null,
        "ADM4ALT2EN": null,
        "ADM3_EN": "Batam Kota",
        "ADM3_PCODE": "ID2171051",
        "ADM2_EN": "Kota Batam",
        "ADM2_PCODE": "ID2171",
        "ADM1_EN": "Kepulauan Riau",
        "ADM1_PCODE": "ID21",
        "ADM0_EN": "Indonesia",
        "ADM0_PCODE": "ID"
      },
      "geometry": {
        "type": "Point",
        "coordinates": [
          104.09740330188684,
          1.132110849056604
        ]
      }
    },
    {
      "type": "Feature",
      "properties": {
        "confidence": 0.9667,
        "scene_id": "evt_0.9n_104.2e_20260524",
        "processed_at": "2026-05-26T13:25:14.136834",
        "status": "active",
        "disaster_type": null,
        "wilayah": null,
        "source": null,
        "ADM4_EN": "Batu Besar",
        "ADM4_PCODE": "ID2171050003",
        "ADM4_REF": null,
        "ADM4ALT1EN": null,
        "ADM4ALT2EN": null,
        "ADM3_EN": "Nongsa",
        "ADM3_PCODE": "ID2171050",
        "ADM2_EN": "Kota Batam",
        "ADM2_PCODE": "ID2171",
        "ADM1_EN": "Kepulauan Riau",
        "ADM1_PCODE": "ID21",
        "ADM0_EN": "Indonesia",
        "ADM0_PCODE": "ID"
      },
      "geometry": {
        "type": "Point",
        "coordinates": [
          104.12865330188684,
          1.132110849056604
        ]
      }
    },
    {
      "type": "Feature",
      "properties": {
        "confidence": 0.3435,
        "scene_id": "evt_0.9n_104.2e_20260524",
        "processed_at": "2026-05-26T13:25:14.136834",
        "status": "active",
        "disaster_type": null,
        "wilayah": null,
        "source": null,
        "ADM4_EN": "Batu Besar",
        "ADM4_PCODE": "ID2171050003",
        "ADM4_REF": null,
        "ADM4ALT1EN": null,
        "ADM4ALT2EN": null,
        "ADM3_EN": "Nongsa",
        "ADM3_PCODE": "ID2171050",
        "ADM2_EN": "Kota Batam",
        "ADM2_PCODE": "ID2171",
        "ADM1_EN": "Kepulauan Riau",
        "ADM1_PCODE": "ID21",
        "ADM0_EN": "Indonesia",
        "ADM0_PCODE": "ID"
      },
      "geometry": {
        "type": "Point",
        "coordinates": [
          104.15990330188684,
          1.132110849056604
        ]
      }
    },
    {
      "type": "Feature",
      "properties": {
        "confidence": 0.5659,
        "scene_id": "evt_0.9n_104.2e_20260524",
        "processed_at": "2026-05-26T13:25:14.136834",
        "status": "active",
        "disaster_type": null,
        "wilayah": null,
        "source": null,
        "ADM4_EN": "Sri Bintan",
        "ADM4_PCODE": "ID2102051004",
        "ADM4_REF": null,
        "ADM4ALT1EN": null,
        "ADM4ALT2EN": null,
        "ADM3_EN": "Teluk Sebong",
        "ADM3_PCODE": "ID2102051",
        "ADM2_EN": "Bintan",
        "ADM2_PCODE": "ID2102",
        "ADM1_EN": "Kepulauan Riau",
        "ADM1_PCODE": "ID21",
        "ADM0_EN": "Indonesia",
        "ADM0_PCODE": "ID"
      },
      "geometry": {
        "type": "Point",
        "coordinates": [
          104.40990330188684,
          1.132110849056604
        ]
      }
    },
    {
      "type": "Feature",
      "properties": {
        "confidence": 0.4436,
        "scene_id": "evt_0.9n_104.2e_20260524",
        "processed_at": "2026-05-26T13:25:14.136834",
        "status": "active",
        "disaster_type": null,
        "wilayah": null,
        "source": null,
        "ADM4_EN": "Batu Besar",
        "ADM4_PCODE": "ID2171050003",
        "ADM4_REF": null,
        "ADM4ALT1EN": null,
        "ADM4ALT2EN": null,
        "ADM3_EN": "Nongsa",
        "ADM3_PCODE": "ID2171050",
        "ADM2_EN": "Kota Batam",
        "ADM2_PCODE": "ID2171",
        "ADM1_EN": "Kepulauan Riau",
        "ADM1_PCODE": "ID21",
        "ADM0_EN": "Indonesia",
        "ADM0_PCODE": "ID"
      },
      "geometry": {
        "type": "Point",
        "coordinates": [
          104.09740330188684,
          1.100860849056604
        ]
      }
    },
    {
      "type": "Feature",
      "properties": {
        "confidence": 0.9831,
        "scene_id": "evt_0.9n_104.2e_20260524",
        "processed_at": "2026-05-26T13:25:14.136834",
        "status": "active",
        "disaster_type": null,
        "wilayah": null,
        "source": null,
        "ADM4_EN": "Kabil",
        "ADM4_PCODE": "ID2171050002",
        "ADM4_REF": null,
        "ADM4ALT1EN": null,
        "ADM4ALT2EN": null,
        "ADM3_EN": "Nongsa",
        "ADM3_PCODE": "ID2171050",
        "ADM2_EN": "Kota Batam",
        "ADM2_PCODE": "ID2171",
        "ADM1_EN": "Kepulauan Riau",
        "ADM1_PCODE": "ID21",
        "ADM0_EN": "Indonesia",
        "ADM0_PCODE": "ID"
      },
      "geometry": {
        "type": "Point",
        "coordinates": [
          104.12865330188684,
          1.100860849056604
        ]
      }
    },
    {
      "type": "Feature",
      "properties": {
        "confidence": 0.2072,
        "scene_id": "evt_0.9n_104.2e_20260524",
        "processed_at": "2026-05-26T13:25:14.136834",
        "status": "active",
        "disaster_type": null,
        "wilayah": null,
        "source": null,
        "ADM4_EN": "Batu Besar",
        "ADM4_PCODE": "ID2171050003",
        "ADM4_REF": null,
        "ADM4ALT1EN": null,
        "ADM4ALT2EN": null,
        "ADM3_EN": "Nongsa",
        "ADM3_PCODE": "ID2171050",
        "ADM2_EN": "Kota Batam",
        "ADM2_PCODE": "ID2171",
        "ADM1_EN": "Kepulauan Riau",
        "ADM1_PCODE": "ID21",
        "ADM0_EN": "Indonesia",
        "ADM0_PCODE": "ID"
      },
      "geometry": {
        "type": "Point",
        "coordinates": [
          104.15990330188684,
          1.100860849056604
        ]
      }
    },
    {
      "type": "Feature",
      "properties": {
        "confidence": 0.3264,
        "scene_id": "evt_0.9n_104.2e_20260524",
        "processed_at": "2026-05-26T13:25:14.136834",
        "status": "active",
        "disaster_type": null,
        "wilayah": null,
        "source": null,
        "ADM4_EN": "Tanjung Uban Utara",
        "ADM4_PCODE": "ID2102050006",
        "ADM4_REF": null,
        "ADM4ALT1EN": null,
        "ADM4ALT2EN": null,
        "ADM3_EN": "Bintan Utara",
        "ADM3_PCODE": "ID2102050",
        "ADM2_EN": "Bintan",
        "ADM2_PCODE": "ID2102",
        "ADM1_EN": "Kepulauan Riau",
        "ADM1_PCODE": "ID21",
        "ADM0_EN": "Indonesia",
        "ADM0_PCODE": "ID"
      },
      "geometry": {
        "type": "Point",
        "coordinates": [
          104.25365330188684,
          1.100860849056604
        ]
      }
    },
    {
      "type": "Feature",
      "properties": {
        "confidence": 0.2296,
        "scene_id": "evt_0.9n_104.2e_20260524",
        "processed_at": "2026-05-26T13:25:14.136834",
        "status": "active",
        "disaster_type": null,
        "wilayah": null,
        "source": null,
        "ADM4_EN": "Sebong Pereh",
        "ADM4_PCODE": "ID2102051001",
        "ADM4_REF": null,
        "ADM4ALT1EN": null,
        "ADM4ALT2EN": null,
        "ADM3_EN": "Teluk Sebong",
        "ADM3_PCODE": "ID2102051",
        "ADM2_EN": "Bintan",
        "ADM2_PCODE": "ID2102",
        "ADM1_EN": "Kepulauan Riau",
        "ADM1_PCODE": "ID21",
        "ADM0_EN": "Indonesia",
        "ADM0_PCODE": "ID"
      },
      "geometry": {
        "type": "Point",
        "coordinates": [
          104.34740330188684,
          1.100860849056604
        ]
      }
    },
    {
      "type": "Feature",
      "properties": {
        "confidence": 0.4033,
        "scene_id": "evt_0.9n_104.2e_20260524",
        "processed_at": "2026-05-26T13:25:14.136834",
        "status": "active",
        "disaster_type": null,
        "wilayah": null,
        "source": null,
        "ADM4_EN": "Ekang Anculai",
        "ADM4_PCODE": "ID2102051003",
        "ADM4_REF": null,
        "ADM4ALT1EN": null,
        "ADM4ALT2EN": null,
        "ADM3_EN": "Teluk Sebong",
        "ADM3_PCODE": "ID2102051",
        "ADM2_EN": "Bintan",
        "ADM2_PCODE": "ID2102",
        "ADM1_EN": "Kepulauan Riau",
        "ADM1_PCODE": "ID21",
        "ADM0_EN": "Indonesia",
        "ADM0_PCODE": "ID"
      },
      "geometry": {
        "type": "Point",
        "coordinates": [
          104.37865330188684,
          1.100860849056604
        ]
      }
    },
    {
      "type": "Feature",
      "properties": {
        "confidence": 0.9489,
        "scene_id": "evt_0.9n_104.2e_20260524",
        "processed_at": "2026-05-26T13:25:14.136834",
        "status": "active",
        "disaster_type": null,
        "wilayah": null,
        "source": null,
        "ADM4_EN": "Ekang Anculai",
        "ADM4_PCODE": "ID2102051003",
        "ADM4_REF": null,
        "ADM4ALT1EN": null,
        "ADM4ALT2EN": null,
        "ADM3_EN": "Teluk Sebong",
        "ADM3_PCODE": "ID2102051",
        "ADM2_EN": "Bintan",
        "ADM2_PCODE": "ID2102",
        "ADM1_EN": "Kepulauan Riau",
        "ADM1_PCODE": "ID21",
        "ADM0_EN": "Indonesia",
        "ADM0_PCODE": "ID"
      },
      "geometry": {
        "type": "Point",
        "coordinates": [
          104.40990330188684,
          1.100860849056604
        ]
      }
    },
    {
      "type": "Feature",
      "properties": {
        "confidence": 0.459,
        "scene_id": "evt_0.9n_104.2e_20260524",
        "processed_at": "2026-05-26T13:25:14.136834",
        "status": "active",
        "disaster_type": null,
        "wilayah": null,
        "source": null,
        "ADM4_EN": "Muka Kuning",
        "ADM4_PCODE": "ID2171040004",
        "ADM4_REF": null,
        "ADM4ALT1EN": null,
        "ADM4ALT2EN": null,
        "ADM3_EN": "Sei Beduk",
        "ADM3_PCODE": "ID2171040",
        "ADM2_EN": "Kota Batam",
        "ADM2_PCODE": "ID2171",
        "ADM1_EN": "Kepulauan Riau",
        "ADM1_PCODE": "ID21",
        "ADM0_EN": "Indonesia",
        "ADM0_PCODE": "ID"
      },
      "geometry": {
        "type": "Point",
        "coordinates": [
          104.09740330188684,
          1.069610849056604
        ]
      }
    },
    {
      "type": "Feature",
      "properties": {
        "confidence": 0.9765,
        "scene_id": "evt_0.9n_104.2e_20260524",
        "processed_at": "2026-05-26T13:25:14.136834",
        "status": "active",
        "disaster_type": null,
        "wilayah": null,
        "source": null,
        "ADM4_EN": "Kabil",
        "ADM4_PCODE": "ID2171050002",
        "ADM4_REF": null,
        "ADM4ALT1EN": null,
        "ADM4ALT2EN": null,
        "ADM3_EN": "Nongsa",
        "ADM3_PCODE": "ID2171050",
        "ADM2_EN": "Kota Batam",
        "ADM2_PCODE": "ID2171",
        "ADM1_EN": "Kepulauan Riau",
        "ADM1_PCODE": "ID21",
        "ADM0_EN": "Indonesia",
        "ADM0_PCODE": "ID"
      },
      "geometry": {
        "type": "Point",
        "coordinates": [
          104.12865330188684,
          1.069610849056604
        ]
      }
    },
    {
      "type": "Feature",
      "properties": {
        "confidence": 0.6428,
        "scene_id": "evt_0.9n_104.2e_20260524",
        "processed_at": "2026-05-26T13:25:14.136834",
        "status": "active",
        "disaster_type": null,
        "wilayah": null,
        "source": null,
        "ADM4_EN": "Ngenang",
        "ADM4_PCODE": "ID2171050001",
        "ADM4_REF": null,
        "ADM4ALT1EN": null,
        "ADM4ALT2EN": null,
        "ADM3_EN": "Nongsa",
        "ADM3_PCODE": "ID2171050",
        "ADM2_EN": "Kota Batam",
        "ADM2_PCODE": "ID2171",
        "ADM1_EN": "Kepulauan Riau",
        "ADM1_PCODE": "ID21",
        "ADM0_EN": "Indonesia",
        "ADM0_PCODE": "ID"
      },
      "geometry": {
        "type": "Point",
        "coordinates": [
          104.15990330188684,
          1.069610849056604
        ]
      }
    },
    {
      "type": "Feature",
      "properties": {
        "confidence": 0.2957,
        "scene_id": "evt_0.9n_104.2e_20260524",
        "processed_at": "2026-05-26T13:25:14.136834",
        "status": "active",
        "disaster_type": null,
        "wilayah": null,
        "source": null,
        "ADM4_EN": "Ngenang",
        "ADM4_PCODE": "ID2171050001",
        "ADM4_REF": null,
        "ADM4ALT1EN": null,
        "ADM4ALT2EN": null,
        "ADM3_EN": "Nongsa",
        "ADM3_PCODE": "ID2171050",
        "ADM2_EN": "Kota Batam",
        "ADM2_PCODE": "ID2171",
        "ADM1_EN": "Kepulauan Riau",
        "ADM1_PCODE": "ID21",
        "ADM0_EN": "Indonesia",
        "ADM0_PCODE": "ID"
      },
      "geometry": {
        "type": "Point",
        "coordinates": [
          104.19115330188684,
          1.069610849056604
        ]
      }
    },
    {
      "type": "Feature",
      "properties": {
        "confidence": 0.5433,
        "scene_id": "evt_0.9n_104.2e_20260524",
        "processed_at": "2026-05-26T13:25:14.136834",
        "status": "active",
        "disaster_type": null,
        "wilayah": null,
        "source": null,
        "ADM4_EN": "Tanjung Uban Kota",
        "ADM4_PCODE": "ID2102050005",
        "ADM4_REF": null,
        "ADM4ALT1EN": null,
        "ADM4ALT2EN": null,
        "ADM3_EN": "Bintan Utara",
        "ADM3_PCODE": "ID2102050",
        "ADM2_EN": "Bintan",
        "ADM2_PCODE": "ID2102",
        "ADM1_EN": "Kepulauan Riau",
        "ADM1_PCODE": "ID21",
        "ADM0_EN": "Indonesia",
        "ADM0_PCODE": "ID"
      },
      "geometry": {
        "type": "Point",
        "coordinates": [
          104.22240330188684,
          1.069610849056604
        ]
      }
    },
    {
      "type": "Feature",
      "properties": {
        "confidence": 0.2452,
        "scene_id": "evt_0.9n_104.2e_20260524",
        "processed_at": "2026-05-26T13:25:14.136834",
        "status": "active",
        "disaster_type": null,
        "wilayah": null,
        "source": null,
        "ADM4_EN": "Tanjung Uban Timur",
        "ADM4_PCODE": "ID2102050009",
        "ADM4_REF": null,
        "ADM4ALT1EN": null,
        "ADM4ALT2EN": null,
        "ADM3_EN": "Bintan Utara",
        "ADM3_PCODE": "ID2102050",
        "ADM2_EN": "Bintan",
        "ADM2_PCODE": "ID2102",
        "ADM1_EN": "Kepulauan Riau",
        "ADM1_PCODE": "ID21",
        "ADM0_EN": "Indonesia",
        "ADM0_PCODE": "ID"
      },
      "geometry": {
        "type": "Point",
        "coordinates": [
          104.25365330188684,
          1.069610849056604
        ]
      }
    },
    {
      "type": "Feature",
      "properties": {
        "confidence": 0.3491,
        "scene_id": "evt_0.9n_104.2e_20260524",
        "processed_at": "2026-05-26T13:25:14.136834",
        "status": "active",
        "disaster_type": null,
        "wilayah": null,
        "source": null,
        "ADM4_EN": "Ekang Anculai",
        "ADM4_PCODE": "ID2102051003",
        "ADM4_REF": null,
        "ADM4ALT1EN": null,
        "ADM4ALT2EN": null,
        "ADM3_EN": "Teluk Sebong",
        "ADM3_PCODE": "ID2102051",
        "ADM2_EN": "Bintan",
        "ADM2_PCODE": "ID2102",
        "ADM1_EN": "Kepulauan Riau",
        "ADM1_PCODE": "ID21",
        "ADM0_EN": "Indonesia",
        "ADM0_PCODE": "ID"
      },
      "geometry": {
        "type": "Point",
        "coordinates": [
          104.34740330188684,
          1.069610849056604
        ]
      }
    },
    {
      "type": "Feature",
      "properties": {
        "confidence": 0.9818,
        "scene_id": "evt_0.9n_104.2e_20260524",
        "processed_at": "2026-05-26T13:25:14.136834",
        "status": "active",
        "disaster_type": null,
        "wilayah": null,
        "source": null,
        "ADM4_EN": "Ekang Anculai",
        "ADM4_PCODE": "ID2102051003",
        "ADM4_REF": null,
        "ADM4ALT1EN": null,
        "ADM4ALT2EN": null,
        "ADM3_EN": "Teluk Sebong",
        "ADM3_PCODE": "ID2102051",
        "ADM2_EN": "Bintan",
        "ADM2_PCODE": "ID2102",
        "ADM1_EN": "Kepulauan Riau",
        "ADM1_PCODE": "ID21",
        "ADM0_EN": "Indonesia",
        "ADM0_PCODE": "ID"
      },
      "geometry": {
        "type": "Point",
        "coordinates": [
          104.37865330188684,
          1.069610849056604
        ]
      }
    },
    {
      "type": "Feature",
      "properties": {
        "confidence": 0.9966,
        "scene_id": "evt_0.9n_104.2e_20260524",
        "processed_at": "2026-05-26T13:25:14.136834",
        "status": "active",
        "disaster_type": null,
        "wilayah": null,
        "source": null,
        "ADM4_EN": "Penaga",
        "ADM4_PCODE": "ID2102040003",
        "ADM4_REF": null,
        "ADM4ALT1EN": null,
        "ADM4ALT2EN": null,
        "ADM3_EN": "Teluk Bintan",
        "ADM3_PCODE": "ID2102040",
        "ADM2_EN": "Bintan",
        "ADM2_PCODE": "ID2102",
        "ADM1_EN": "Kepulauan Riau",
        "ADM1_PCODE": "ID21",
        "ADM0_EN": "Indonesia",
        "ADM0_PCODE": "ID"
      },
      "geometry": {
        "type": "Point",
        "coordinates": [
          104.40990330188684,
          1.069610849056604
        ]
      }
    },
    {
      "type": "Feature",
      "properties": {
        "confidence": 0.3621,
        "scene_id": "evt_0.9n_104.2e_20260524",
        "processed_at": "2026-05-26T13:25:14.136834",
        "status": "active",
        "disaster_type": null,
        "wilayah": null,
        "source": null,
        "ADM4_EN": "Tanjung Piayu",
        "ADM4_PCODE": "ID2171040003",
        "ADM4_REF": null,
        "ADM4ALT1EN": null,
        "ADM4ALT2EN": null,
        "ADM3_EN": "Sei Beduk",
        "ADM3_PCODE": "ID2171040",
        "ADM2_EN": "Kota Batam",
        "ADM2_PCODE": "ID2171",
        "ADM1_EN": "Kepulauan Riau",
        "ADM1_PCODE": "ID21",
        "ADM0_EN": "Indonesia",
        "ADM0_PCODE": "ID"
      },
      "geometry": {
        "type": "Point",
        "coordinates": [
          104.09740330188684,
          1.038360849056604
        ]
      }
    },
    {
      "type": "Feature",
      "properties": {
        "confidence": 0.8959,
        "scene_id": "evt_0.9n_104.2e_20260524",
        "processed_at": "2026-05-26T13:25:14.136834",
        "status": "active",
        "disaster_type": null,
        "wilayah": null,
        "source": null,
        "ADM4_EN": "Kabil",
        "ADM4_PCODE": "ID2171050002",
        "ADM4_REF": null,
        "ADM4ALT1EN": null,
        "ADM4ALT2EN": null,
        "ADM3_EN": "Nongsa",
        "ADM3_PCODE": "ID2171050",
        "ADM2_EN": "Kota Batam",
        "ADM2_PCODE": "ID2171",
        "ADM1_EN": "Kepulauan Riau",
        "ADM1_PCODE": "ID21",
        "ADM0_EN": "Indonesia",
        "ADM0_PCODE": "ID"
      },
      "geometry": {
        "type": "Point",
        "coordinates": [
          104.12865330188684,
          1.038360849056604
        ]
      }
    },
    {
      "type": "Feature",
      "properties": {
        "confidence": 0.8886,
        "scene_id": "evt_0.9n_104.2e_20260524",
        "processed_at": "2026-05-26T13:25:14.136834",
        "status": "active",
        "disaster_type": null,
        "wilayah": null,
        "source": null,
        "ADM4_EN": "Ngenang",
        "ADM4_PCODE": "ID2171050001",
        "ADM4_REF": null,
        "ADM4ALT1EN": null,
        "ADM4ALT2EN": null,
        "ADM3_EN": "Nongsa",
        "ADM3_PCODE": "ID2171050",
        "ADM2_EN": "Kota Batam",
        "ADM2_PCODE": "ID2171",
        "ADM1_EN": "Kepulauan Riau",
        "ADM1_PCODE": "ID21",
        "ADM0_EN": "Indonesia",
        "ADM0_PCODE": "ID"
      },
      "geometry": {
        "type": "Point",
        "coordinates": [
          104.15990330188684,
          1.038360849056604
        ]
      }
    },
    {
      "type": "Feature",
      "properties": {
        "confidence": 0.4757,
        "scene_id": "evt_0.9n_104.2e_20260524",
        "processed_at": "2026-05-26T13:25:14.136834",
        "status": "active",
        "disaster_type": null,
        "wilayah": null,
        "source": null,
        "ADM4_EN": "Ngenang",
        "ADM4_PCODE": "ID2171050001",
        "ADM4_REF": null,
        "ADM4ALT1EN": null,
        "ADM4ALT2EN": null,
        "ADM3_EN": "Nongsa",
        "ADM3_PCODE": "ID2171050",
        "ADM2_EN": "Kota Batam",
        "ADM2_PCODE": "ID2171",
        "ADM1_EN": "Kepulauan Riau",
        "ADM1_PCODE": "ID21",
        "ADM0_EN": "Indonesia",
        "ADM0_PCODE": "ID"
      },
      "geometry": {
        "type": "Point",
        "coordinates": [
          104.19115330188684,
          1.038360849056604
        ]
      }
    },
    {
      "type": "Feature",
      "properties": {
        "confidence": 0.3087,
        "scene_id": "evt_0.9n_104.2e_20260524",
        "processed_at": "2026-05-26T13:25:14.136834",
        "status": "active",
        "disaster_type": null,
        "wilayah": null,
        "source": null,
        "ADM4_EN": "Tanjung Uban Kota",
        "ADM4_PCODE": "ID2102050005",
        "ADM4_REF": null,
        "ADM4ALT1EN": null,
        "ADM4ALT2EN": null,
        "ADM3_EN": "Bintan Utara",
        "ADM3_PCODE": "ID2102050",
        "ADM2_EN": "Bintan",
        "ADM2_PCODE": "ID2102",
        "ADM1_EN": "Kepulauan Riau",
        "ADM1_PCODE": "ID21",
        "ADM0_EN": "Indonesia",
        "ADM0_PCODE": "ID"
      },
      "geometry": {
        "type": "Point",
        "coordinates": [
          104.22240330188684,
          1.038360849056604
        ]
      }
    },
    {
      "type": "Feature",
      "properties": {
        "confidence": 0.7317,
        "scene_id": "evt_0.9n_104.2e_20260524",
        "processed_at": "2026-05-26T13:25:14.136834",
        "status": "active",
        "disaster_type": null,
        "wilayah": null,
        "source": null,
        "ADM4_EN": "Teluk Lobam",
        "ADM4_PCODE": "ID2102052004",
        "ADM4_REF": null,
        "ADM4ALT1EN": null,
        "ADM4ALT2EN": null,
        "ADM3_EN": "Seri Kuala Lobam",
        "ADM3_PCODE": "ID2102052",
        "ADM2_EN": "Bintan",
        "ADM2_PCODE": "ID2102",
        "ADM1_EN": "Kepulauan Riau",
        "ADM1_PCODE": "ID21",
        "ADM0_EN": "Indonesia",
        "ADM0_PCODE": "ID"
      },
      "geometry": {
        "type": "Point",
        "coordinates": [
          104.25365330188684,
          1.038360849056604
        ]
      }
    },
    {
      "type": "Feature",
      "properties": {
        "confidence": 0.3984,
        "scene_id": "evt_0.9n_104.2e_20260524",
        "processed_at": "2026-05-26T13:25:14.136834",
        "status": "active",
        "disaster_type": null,
        "wilayah": null,
        "source": null,
        "ADM4_EN": "Teluk Lobam",
        "ADM4_PCODE": "ID2102052004",
        "ADM4_REF": null,
        "ADM4ALT1EN": null,
        "ADM4ALT2EN": null,
        "ADM3_EN": "Seri Kuala Lobam",
        "ADM3_PCODE": "ID2102052",
        "ADM2_EN": "Bintan",
        "ADM2_PCODE": "ID2102",
        "ADM1_EN": "Kepulauan Riau",
        "ADM1_PCODE": "ID21",
        "ADM0_EN": "Indonesia",
        "ADM0_PCODE": "ID"
      },
      "geometry": {
        "type": "Point",
        "coordinates": [
          104.28490330188684,
          1.038360849056604
        ]
      }
    },
    {
      "type": "Feature",
      "properties": {
        "confidence": 0.5309,
        "scene_id": "evt_0.9n_104.2e_20260524",
        "processed_at": "2026-05-26T13:25:14.136834",
        "status": "active",
        "disaster_type": null,
        "wilayah": null,
        "source": null,
        "ADM4_EN": "Kuala Sempang",
        "ADM4_PCODE": "ID2102052001",
        "ADM4_REF": null,
        "ADM4ALT1EN": null,
        "ADM4ALT2EN": null,
        "ADM3_EN": "Seri Kuala Lobam",
        "ADM3_PCODE": "ID2102052",
        "ADM2_EN": "Bintan",
        "ADM2_PCODE": "ID2102",
        "ADM1_EN": "Kepulauan Riau",
        "ADM1_PCODE": "ID21",
        "ADM0_EN": "Indonesia",
        "ADM0_PCODE": "ID"
      },
      "geometry": {
        "type": "Point",
        "coordinates": [
          104.31615330188684,
          1.038360849056604
        ]
      }
    },
    {
      "type": "Feature",
      "properties": {
        "confidence": 0.7131,
        "scene_id": "evt_0.9n_104.2e_20260524",
        "processed_at": "2026-05-26T13:25:14.136834",
        "status": "active",
        "disaster_type": null,
        "wilayah": null,
        "source": null,
        "ADM4_EN": "Kuala Sempang",
        "ADM4_PCODE": "ID2102052001",
        "ADM4_REF": null,
        "ADM4ALT1EN": null,
        "ADM4ALT2EN": null,
        "ADM3_EN": "Seri Kuala Lobam",
        "ADM3_PCODE": "ID2102052",
        "ADM2_EN": "Bintan",
        "ADM2_PCODE": "ID2102",
        "ADM1_EN": "Kepulauan Riau",
        "ADM1_PCODE": "ID21",
        "ADM0_EN": "Indonesia",
        "ADM0_PCODE": "ID"
      },
      "geometry": {
        "type": "Point",
        "coordinates": [
          104.34740330188684,
          1.038360849056604
        ]
      }
    },
    {
      "type": "Feature",
      "properties": {
        "confidence": 0.9836,
        "scene_id": "evt_0.9n_104.2e_20260524",
        "processed_at": "2026-05-26T13:25:14.136834",
        "status": "active",
        "disaster_type": null,
        "wilayah": null,
        "source": null,
        "ADM4_EN": "Pengujan",
        "ADM4_PCODE": "ID2102040002",
        "ADM4_REF": null,
        "ADM4ALT1EN": null,
        "ADM4ALT2EN": null,
        "ADM3_EN": "Teluk Bintan",
        "ADM3_PCODE": "ID2102040",
        "ADM2_EN": "Bintan",
        "ADM2_PCODE": "ID2102",
        "ADM1_EN": "Kepulauan Riau",
        "ADM1_PCODE": "ID21",
        "ADM0_EN": "Indonesia",
        "ADM0_PCODE": "ID"
      },
      "geometry": {
        "type": "Point",
        "coordinates": [
          104.37865330188684,
          1.038360849056604
        ]
      }
    },
    {
      "type": "Feature",
      "properties": {
        "confidence": 0.9958,
        "scene_id": "evt_0.9n_104.2e_20260524",
        "processed_at": "2026-05-26T13:25:14.136834",
        "status": "active",
        "disaster_type": null,
        "wilayah": null,
        "source": null,
        "ADM4_EN": "Penaga",
        "ADM4_PCODE": "ID2102040003",
        "ADM4_REF": null,
        "ADM4ALT1EN": null,
        "ADM4ALT2EN": null,
        "ADM3_EN": "Teluk Bintan",
        "ADM3_PCODE": "ID2102040",
        "ADM2_EN": "Bintan",
        "ADM2_PCODE": "ID2102",
        "ADM1_EN": "Kepulauan Riau",
        "ADM1_PCODE": "ID21",
        "ADM0_EN": "Indonesia",
        "ADM0_PCODE": "ID"
      },
      "geometry": {
        "type": "Point",
        "coordinates": [
          104.40990330188684,
          1.038360849056604
        ]
      }
    },
    {
      "type": "Feature",
      "properties": {
        "confidence": 0.3883,
        "scene_id": "evt_0.9n_104.2e_20260524",
        "processed_at": "2026-05-26T13:25:14.136834",
        "status": "active",
        "disaster_type": null,
        "wilayah": null,
        "source": null,
        "ADM4_EN": "Tanjung Piayu",
        "ADM4_PCODE": "ID2171040003",
        "ADM4_REF": null,
        "ADM4ALT1EN": null,
        "ADM4ALT2EN": null,
        "ADM3_EN": "Sei Beduk",
        "ADM3_PCODE": "ID2171040",
        "ADM2_EN": "Kota Batam",
        "ADM2_PCODE": "ID2171",
        "ADM1_EN": "Kepulauan Riau",
        "ADM1_PCODE": "ID21",
        "ADM0_EN": "Indonesia",
        "ADM0_PCODE": "ID"
      },
      "geometry": {
        "type": "Point",
        "coordinates": [
          104.09740330188684,
          1.007110849056604
        ]
      }
    },
    {
      "type": "Feature",
      "properties": {
        "confidence": 0.8438,
        "scene_id": "evt_0.9n_104.2e_20260524",
        "processed_at": "2026-05-26T13:25:14.136834",
        "status": "active",
        "disaster_type": null,
        "wilayah": null,
        "source": null,
        "ADM4_EN": "Ngenang",
        "ADM4_PCODE": "ID2171050001",
        "ADM4_REF": null,
        "ADM4ALT1EN": null,
        "ADM4ALT2EN": null,
        "ADM3_EN": "Nongsa",
        "ADM3_PCODE": "ID2171050",
        "ADM2_EN": "Kota Batam",
        "ADM2_PCODE": "ID2171",
        "ADM1_EN": "Kepulauan Riau",
        "ADM1_PCODE": "ID21",
        "ADM0_EN": "Indonesia",
        "ADM0_PCODE": "ID"
      },
      "geometry": {
        "type": "Point",
        "coordinates": [
          104.12865330188684,
          1.007110849056604
        ]
      }
    },
    {
      "type": "Feature",
      "properties": {
        "confidence": 0.8055,
        "scene_id": "evt_0.9n_104.2e_20260524",
        "processed_at": "2026-05-26T13:25:14.136834",
        "status": "active",
        "disaster_type": null,
        "wilayah": null,
        "source": null,
        "ADM4_EN": "Ngenang",
        "ADM4_PCODE": "ID2171050001",
        "ADM4_REF": null,
        "ADM4ALT1EN": null,
        "ADM4ALT2EN": null,
        "ADM3_EN": "Nongsa",
        "ADM3_PCODE": "ID2171050",
        "ADM2_EN": "Kota Batam",
        "ADM2_PCODE": "ID2171",
        "ADM1_EN": "Kepulauan Riau",
        "ADM1_PCODE": "ID21",
        "ADM0_EN": "Indonesia",
        "ADM0_PCODE": "ID"
      },
      "geometry": {
        "type": "Point",
        "coordinates": [
          104.15990330188684,
          1.007110849056604
        ]
      }
    },
    {
      "type": "Feature",
      "properties": {
        "confidence": 0.2458,
        "scene_id": "evt_0.9n_104.2e_20260524",
        "processed_at": "2026-05-26T13:25:14.136834",
        "status": "active",
        "disaster_type": null,
        "wilayah": null,
        "source": null,
        "ADM4_EN": "Ngenang",
        "ADM4_PCODE": "ID2171050001",
        "ADM4_REF": null,
        "ADM4ALT1EN": null,
        "ADM4ALT2EN": null,
        "ADM3_EN": "Nongsa",
        "ADM3_PCODE": "ID2171050",
        "ADM2_EN": "Kota Batam",
        "ADM2_PCODE": "ID2171",
        "ADM1_EN": "Kepulauan Riau",
        "ADM1_PCODE": "ID21",
        "ADM0_EN": "Indonesia",
        "ADM0_PCODE": "ID"
      },
      "geometry": {
        "type": "Point",
        "coordinates": [
          104.19115330188684,
          1.007110849056604
        ]
      }
    },
    {
      "type": "Feature",
      "properties": {
        "confidence": 0.6369,
        "scene_id": "evt_0.9n_104.2e_20260524",
        "processed_at": "2026-05-26T13:25:14.136834",
        "status": "active",
        "disaster_type": null,
        "wilayah": null,
        "source": null,
        "ADM4_EN": "Teluk Lobam",
        "ADM4_PCODE": "ID2102052004",
        "ADM4_REF": null,
        "ADM4ALT1EN": null,
        "ADM4ALT2EN": null,
        "ADM3_EN": "Seri Kuala Lobam",
        "ADM3_PCODE": "ID2102052",
        "ADM2_EN": "Bintan",
        "ADM2_PCODE": "ID2102",
        "ADM1_EN": "Kepulauan Riau",
        "ADM1_PCODE": "ID21",
        "ADM0_EN": "Indonesia",
        "ADM0_PCODE": "ID"
      },
      "geometry": {
        "type": "Point",
        "coordinates": [
          104.25365330188684,
          1.007110849056604
        ]
      }
    },
    {
      "type": "Feature",
      "properties": {
        "confidence": 0.9368,
        "scene_id": "evt_0.9n_104.2e_20260524",
        "processed_at": "2026-05-26T13:25:14.136834",
        "status": "active",
        "disaster_type": null,
        "wilayah": null,
        "source": null,
        "ADM4_EN": "Teluk Lobam",
        "ADM4_PCODE": "ID2102052004",
        "ADM4_REF": null,
        "ADM4ALT1EN": null,
        "ADM4ALT2EN": null,
        "ADM3_EN": "Seri Kuala Lobam",
        "ADM3_PCODE": "ID2102052",
        "ADM2_EN": "Bintan",
        "ADM2_PCODE": "ID2102",
        "ADM1_EN": "Kepulauan Riau",
        "ADM1_PCODE": "ID21",
        "ADM0_EN": "Indonesia",
        "ADM0_PCODE": "ID"
      },
      "geometry": {
        "type": "Point",
        "coordinates": [
          104.28490330188684,
          1.007110849056604
        ]
      }
    },
    {
      "type": "Feature",
      "properties": {
        "confidence": 0.9677,
        "scene_id": "evt_0.9n_104.2e_20260524",
        "processed_at": "2026-05-26T13:25:14.136834",
        "status": "active",
        "disaster_type": null,
        "wilayah": null,
        "source": null,
        "ADM4_EN": "Busung",
        "ADM4_PCODE": "ID2102052002",
        "ADM4_REF": null,
        "ADM4ALT1EN": null,
        "ADM4ALT2EN": null,
        "ADM3_EN": "Seri Kuala Lobam",
        "ADM3_PCODE": "ID2102052",
        "ADM2_EN": "Bintan",
        "ADM2_PCODE": "ID2102",
        "ADM1_EN": "Kepulauan Riau",
        "ADM1_PCODE": "ID21",
        "ADM0_EN": "Indonesia",
        "ADM0_PCODE": "ID"
      },
      "geometry": {
        "type": "Point",
        "coordinates": [
          104.31615330188684,
          1.007110849056604
        ]
      }
    },
    {
      "type": "Feature",
      "properties": {
        "confidence": 0.8643,
        "scene_id": "evt_0.9n_104.2e_20260524",
        "processed_at": "2026-05-26T13:25:14.136834",
        "status": "active",
        "disaster_type": null,
        "wilayah": null,
        "source": null,
        "ADM4_EN": "Busung",
        "ADM4_PCODE": "ID2102052002",
        "ADM4_REF": null,
        "ADM4ALT1EN": null,
        "ADM4ALT2EN": null,
        "ADM3_EN": "Seri Kuala Lobam",
        "ADM3_PCODE": "ID2102052",
        "ADM2_EN": "Bintan",
        "ADM2_PCODE": "ID2102",
        "ADM1_EN": "Kepulauan Riau",
        "ADM1_PCODE": "ID21",
        "ADM0_EN": "Indonesia",
        "ADM0_PCODE": "ID"
      },
      "geometry": {
        "type": "Point",
        "coordinates": [
          104.34740330188684,
          1.007110849056604
        ]
      }
    },
    {
      "type": "Feature",
      "properties": {
        "confidence": 0.9747,
        "scene_id": "evt_0.9n_104.2e_20260524",
        "processed_at": "2026-05-26T13:25:14.136834",
        "status": "active",
        "disaster_type": null,
        "wilayah": null,
        "source": null,
        "ADM4_EN": "Pengujan",
        "ADM4_PCODE": "ID2102040002",
        "ADM4_REF": null,
        "ADM4ALT1EN": null,
        "ADM4ALT2EN": null,
        "ADM3_EN": "Teluk Bintan",
        "ADM3_PCODE": "ID2102040",
        "ADM2_EN": "Bintan",
        "ADM2_PCODE": "ID2102",
        "ADM1_EN": "Kepulauan Riau",
        "ADM1_PCODE": "ID21",
        "ADM0_EN": "Indonesia",
        "ADM0_PCODE": "ID"
      },
      "geometry": {
        "type": "Point",
        "coordinates": [
          104.37865330188684,
          1.007110849056604
        ]
      }
    },
    {
      "type": "Feature",
      "properties": {
        "confidence": 0.956,
        "scene_id": "evt_0.9n_104.2e_20260524",
        "processed_at": "2026-05-26T13:25:14.136834",
        "status": "active",
        "disaster_type": null,
        "wilayah": null,
        "source": null,
        "ADM4_EN": "Pengujan",
        "ADM4_PCODE": "ID2102040002",
        "ADM4_REF": null,
        "ADM4ALT1EN": null,
        "ADM4ALT2EN": null,
        "ADM3_EN": "Teluk Bintan",
        "ADM3_PCODE": "ID2102040",
        "ADM2_EN": "Bintan",
        "ADM2_PCODE": "ID2102",
        "ADM1_EN": "Kepulauan Riau",
        "ADM1_PCODE": "ID21",
        "ADM0_EN": "Indonesia",
        "ADM0_PCODE": "ID"
      },
      "geometry": {
        "type": "Point",
        "coordinates": [
          104.40990330188684,
          1.007110849056604
        ]
      }
    },
    {
      "type": "Feature",
      "properties": {
        "confidence": 0.2851,
        "scene_id": "evt_0.9n_104.2e_20260524",
        "processed_at": "2026-05-26T13:25:14.136834",
        "status": "active",
        "disaster_type": null,
        "wilayah": null,
        "source": null,
        "ADM4_EN": "Pulau Setokok",
        "ADM4_PCODE": "ID2171020003",
        "ADM4_REF": null,
        "ADM4ALT1EN": null,
        "ADM4ALT2EN": null,
        "ADM3_EN": "Bulang",
        "ADM3_PCODE": "ID2171020",
        "ADM2_EN": "Kota Batam",
        "ADM2_PCODE": "ID2171",
        "ADM1_EN": "Kepulauan Riau",
        "ADM1_PCODE": "ID21",
        "ADM0_EN": "Indonesia",
        "ADM0_PCODE": "ID"
      },
      "geometry": {
        "type": "Point",
        "coordinates": [
          104.09740330188684,
          0.975860849056604
        ]
      }
    },
    {
      "type": "Feature",
      "properties": {
        "confidence": 0.7086,
        "scene_id": "evt_0.9n_104.2e_20260524",
        "processed_at": "2026-05-26T13:25:14.136834",
        "status": "active",
        "disaster_type": null,
        "wilayah": null,
        "source": null,
        "ADM4_EN": "Pulau Setokok",
        "ADM4_PCODE": "ID2171020003",
        "ADM4_REF": null,
        "ADM4ALT1EN": null,
        "ADM4ALT2EN": null,
        "ADM3_EN": "Bulang",
        "ADM3_PCODE": "ID2171020",
        "ADM2_EN": "Kota Batam",
        "ADM2_PCODE": "ID2171",
        "ADM1_EN": "Kepulauan Riau",
        "ADM1_PCODE": "ID21",
        "ADM0_EN": "Indonesia",
        "ADM0_PCODE": "ID"
      },
      "geometry": {
        "type": "Point",
        "coordinates": [
          104.12865330188684,
          0.975860849056604
        ]
      }
    },
    {
      "type": "Feature",
      "properties": {
        "confidence": 0.4656,
        "scene_id": "evt_0.9n_104.2e_20260524",
        "processed_at": "2026-05-26T13:25:14.136834",
        "status": "active",
        "disaster_type": null,
        "wilayah": null,
        "source": null,
        "ADM4_EN": "Air Raja",
        "ADM4_PCODE": "ID2171030008",
        "ADM4_REF": null,
        "ADM4ALT1EN": null,
        "ADM4ALT2EN": null,
        "ADM3_EN": "Galang",
        "ADM3_PCODE": "ID2171030",
        "ADM2_EN": "Kota Batam",
        "ADM2_PCODE": "ID2171",
        "ADM1_EN": "Kepulauan Riau",
        "ADM1_PCODE": "ID21",
        "ADM0_EN": "Indonesia",
        "ADM0_PCODE": "ID"
      },
      "geometry": {
        "type": "Point",
        "coordinates": [
          104.15990330188684,
          0.975860849056604
        ]
      }
    },
    {
      "type": "Feature",
      "properties": {
        "confidence": 0.3478,
        "scene_id": "evt_0.9n_104.2e_20260524",
        "processed_at": "2026-05-26T13:25:14.136834",
        "status": "active",
        "disaster_type": null,
        "wilayah": null,
        "source": null,
        "ADM4_EN": "Air Raja",
        "ADM4_PCODE": "ID2171030008",
        "ADM4_REF": null,
        "ADM4ALT1EN": null,
        "ADM4ALT2EN": null,
        "ADM3_EN": "Galang",
        "ADM3_PCODE": "ID2171030",
        "ADM2_EN": "Kota Batam",
        "ADM2_PCODE": "ID2171",
        "ADM1_EN": "Kepulauan Riau",
        "ADM1_PCODE": "ID21",
        "ADM0_EN": "Indonesia",
        "ADM0_PCODE": "ID"
      },
      "geometry": {
        "type": "Point",
        "coordinates": [
          104.19115330188684,
          0.975860849056604
        ]
      }
    },
    {
      "type": "Feature",
      "properties": {
        "confidence": 0.2316,
        "scene_id": "evt_0.9n_104.2e_20260524",
        "processed_at": "2026-05-26T13:25:14.136834",
        "status": "active",
        "disaster_type": null,
        "wilayah": null,
        "source": null,
        "ADM4_EN": "Teluk Sasah",
        "ADM4_PCODE": "ID2102052003",
        "ADM4_REF": null,
        "ADM4ALT1EN": null,
        "ADM4ALT2EN": null,
        "ADM3_EN": "Seri Kuala Lobam",
        "ADM3_PCODE": "ID2102052",
        "ADM2_EN": "Bintan",
        "ADM2_PCODE": "ID2102",
        "ADM1_EN": "Kepulauan Riau",
        "ADM1_PCODE": "ID21",
        "ADM0_EN": "Indonesia",
        "ADM0_PCODE": "ID"
      },
      "geometry": {
        "type": "Point",
        "coordinates": [
          104.25365330188684,
          0.975860849056604
        ]
      }
    },
    {
      "type": "Feature",
      "properties": {
        "confidence": 0.3528,
        "scene_id": "evt_0.9n_104.2e_20260524",
        "processed_at": "2026-05-26T13:25:14.136834",
        "status": "active",
        "disaster_type": null,
        "wilayah": null,
        "source": null,
        "ADM4_EN": "Teluk Sasah",
        "ADM4_PCODE": "ID2102052003",
        "ADM4_REF": null,
        "ADM4ALT1EN": null,
        "ADM4ALT2EN": null,
        "ADM3_EN": "Seri Kuala Lobam",
        "ADM3_PCODE": "ID2102052",
        "ADM2_EN": "Bintan",
        "ADM2_PCODE": "ID2102",
        "ADM1_EN": "Kepulauan Riau",
        "ADM1_PCODE": "ID21",
        "ADM0_EN": "Indonesia",
        "ADM0_PCODE": "ID"
      },
      "geometry": {
        "type": "Point",
        "coordinates": [
          104.28490330188684,
          0.975860849056604
        ]
      }
    },
    {
      "type": "Feature",
      "properties": {
        "confidence": 0.4663,
        "scene_id": "evt_0.9n_104.2e_20260524",
        "processed_at": "2026-05-26T13:25:14.136834",
        "status": "active",
        "disaster_type": null,
        "wilayah": null,
        "source": null,
        "ADM4_EN": "Pengujan",
        "ADM4_PCODE": "ID2102040002",
        "ADM4_REF": null,
        "ADM4ALT1EN": null,
        "ADM4ALT2EN": null,
        "ADM3_EN": "Teluk Bintan",
        "ADM3_PCODE": "ID2102040",
        "ADM2_EN": "Bintan",
        "ADM2_PCODE": "ID2102",
        "ADM1_EN": "Kepulauan Riau",
        "ADM1_PCODE": "ID21",
        "ADM0_EN": "Indonesia",
        "ADM0_PCODE": "ID"
      },
      "geometry": {
        "type": "Point",
        "coordinates": [
          104.37865330188684,
          0.975860849056604
        ]
      }
    },
    {
      "type": "Feature",
      "properties": {
        "confidence": 0.4873,
        "scene_id": "evt_0.9n_104.2e_20260524",
        "processed_at": "2026-05-26T13:25:14.136834",
        "status": "active",
        "disaster_type": null,
        "wilayah": null,
        "source": null,
        "ADM4_EN": "Senggarang",
        "ADM4_PCODE": "ID2172030004",
        "ADM4_REF": null,
        "ADM4ALT1EN": null,
        "ADM4ALT2EN": null,
        "ADM3_EN": "Tanjungpinang Kota",
        "ADM3_PCODE": "ID2172030",
        "ADM2_EN": "Kota Tanjung Pinang",
        "ADM2_PCODE": "ID2172",
        "ADM1_EN": "Kepulauan Riau",
        "ADM1_PCODE": "ID21",
        "ADM0_EN": "Indonesia",
        "ADM0_PCODE": "ID"
      },
      "geometry": {
        "type": "Point",
        "coordinates": [
          104.40990330188684,
          0.975860849056604
        ]
      }
    },
    {
      "type": "Feature",
      "properties": {
        "confidence": 0.4299,
        "scene_id": "evt_0.9n_104.2e_20260524",
        "processed_at": "2026-05-26T13:25:14.137834",
        "status": "active",
        "disaster_type": null,
        "wilayah": null,
        "source": null,
        "ADM4_EN": "Rempang Cate",
        "ADM4_PCODE": "ID2171030005",
        "ADM4_REF": null,
        "ADM4ALT1EN": null,
        "ADM4ALT2EN": null,
        "ADM3_EN": "Galang",
        "ADM3_PCODE": "ID2171030",
        "ADM2_EN": "Kota Batam",
        "ADM2_PCODE": "ID2171",
        "ADM1_EN": "Kepulauan Riau",
        "ADM1_PCODE": "ID21",
        "ADM0_EN": "Indonesia",
        "ADM0_PCODE": "ID"
      },
      "geometry": {
        "type": "Point",
        "coordinates": [
          104.09740330188684,
          0.944610849056604
        ]
      }
    },
    {
      "type": "Feature",
      "properties": {
        "confidence": 0.6801,
        "scene_id": "evt_0.9n_104.2e_20260524",
        "processed_at": "2026-05-26T13:25:14.137834",
        "status": "active",
        "disaster_type": null,
        "wilayah": null,
        "source": null,
        "ADM4_EN": "Rempang Cate",
        "ADM4_PCODE": "ID2171030005",
        "ADM4_REF": null,
        "ADM4ALT1EN": null,
        "ADM4ALT2EN": null,
        "ADM3_EN": "Galang",
        "ADM3_PCODE": "ID2171030",
        "ADM2_EN": "Kota Batam",
        "ADM2_PCODE": "ID2171",
        "ADM1_EN": "Kepulauan Riau",
        "ADM1_PCODE": "ID21",
        "ADM0_EN": "Indonesia",
        "ADM0_PCODE": "ID"
      },
      "geometry": {
        "type": "Point",
        "coordinates": [
          104.12865330188684,
          0.944610849056604
        ]
      }
    },
    {
      "type": "Feature",
      "properties": {
        "confidence": 0.7239,
        "scene_id": "evt_0.9n_104.2e_20260524",
        "processed_at": "2026-05-26T13:25:14.137834",
        "status": "active",
        "disaster_type": null,
        "wilayah": null,
        "source": null,
        "ADM4_EN": "Subang Mas",
        "ADM4_PCODE": "ID2171030006",
        "ADM4_REF": null,
        "ADM4ALT1EN": null,
        "ADM4ALT2EN": null,
        "ADM3_EN": "Galang",
        "ADM3_PCODE": "ID2171030",
        "ADM2_EN": "Kota Batam",
        "ADM2_PCODE": "ID2171",
        "ADM1_EN": "Kepulauan Riau",
        "ADM1_PCODE": "ID21",
        "ADM0_EN": "Indonesia",
        "ADM0_PCODE": "ID"
      },
      "geometry": {
        "type": "Point",
        "coordinates": [
          104.15990330188684,
          0.944610849056604
        ]
      }
    },
    {
      "type": "Feature",
      "properties": {
        "confidence": 0.6266,
        "scene_id": "evt_0.9n_104.2e_20260524",
        "processed_at": "2026-05-26T13:25:14.137834",
        "status": "active",
        "disaster_type": null,
        "wilayah": null,
        "source": null,
        "ADM4_EN": "Subang Mas",
        "ADM4_PCODE": "ID2171030006",
        "ADM4_REF": null,
        "ADM4ALT1EN": null,
        "ADM4ALT2EN": null,
        "ADM3_EN": "Galang",
        "ADM3_PCODE": "ID2171030",
        "ADM2_EN": "Kota Batam",
        "ADM2_PCODE": "ID2171",
        "ADM1_EN": "Kepulauan Riau",
        "ADM1_PCODE": "ID21",
        "ADM0_EN": "Indonesia",
        "ADM0_PCODE": "ID"
      },
      "geometry": {
        "type": "Point",
        "coordinates": [
          104.19115330188684,
          0.944610849056604
        ]
      }
    },
    {
      "type": "Feature",
      "properties": {
        "confidence": 0.3349,
        "scene_id": "evt_0.9n_104.2e_20260524",
        "processed_at": "2026-05-26T13:25:14.137834",
        "status": "active",
        "disaster_type": null,
        "wilayah": null,
        "source": null,
        "ADM4_EN": "Senggarang",
        "ADM4_PCODE": "ID2172030004",
        "ADM4_REF": null,
        "ADM4ALT1EN": null,
        "ADM4ALT2EN": null,
        "ADM3_EN": "Tanjungpinang Kota",
        "ADM3_PCODE": "ID2172030",
        "ADM2_EN": "Kota Tanjung Pinang",
        "ADM2_PCODE": "ID2172",
        "ADM1_EN": "Kepulauan Riau",
        "ADM1_PCODE": "ID21",
        "ADM0_EN": "Indonesia",
        "ADM0_PCODE": "ID"
      },
      "geometry": {
        "type": "Point",
        "coordinates": [
          104.34740330188684,
          0.944610849056604
        ]
      }
    },
    {
      "type": "Feature",
      "properties": {
        "confidence": 0.3629,
        "scene_id": "evt_0.9n_104.2e_20260524",
        "processed_at": "2026-05-26T13:25:14.137834",
        "status": "active",
        "disaster_type": null,
        "wilayah": null,
        "source": null,
        "ADM4_EN": "Senggarang",
        "ADM4_PCODE": "ID2172030004",
        "ADM4_REF": null,
        "ADM4ALT1EN": null,
        "ADM4ALT2EN": null,
        "ADM3_EN": "Tanjungpinang Kota",
        "ADM3_PCODE": "ID2172030",
        "ADM2_EN": "Kota Tanjung Pinang",
        "ADM2_PCODE": "ID2172",
        "ADM1_EN": "Kepulauan Riau",
        "ADM1_PCODE": "ID21",
        "ADM0_EN": "Indonesia",
        "ADM0_PCODE": "ID"
      },
      "geometry": {
        "type": "Point",
        "coordinates": [
          104.40990330188684,
          0.944610849056604
        ]
      }
    },
    {
      "type": "Feature",
      "properties": {
        "confidence": 0.4205,
        "scene_id": "evt_0.9n_104.2e_20260524",
        "processed_at": "2026-05-26T13:25:14.137834",
        "status": "active",
        "disaster_type": null,
        "wilayah": null,
        "source": null,
        "ADM4_EN": "Rempang Cate",
        "ADM4_PCODE": "ID2171030005",
        "ADM4_REF": null,
        "ADM4ALT1EN": null,
        "ADM4ALT2EN": null,
        "ADM3_EN": "Galang",
        "ADM3_PCODE": "ID2171030",
        "ADM2_EN": "Kota Batam",
        "ADM2_PCODE": "ID2171",
        "ADM1_EN": "Kepulauan Riau",
        "ADM1_PCODE": "ID21",
        "ADM0_EN": "Indonesia",
        "ADM0_PCODE": "ID"
      },
      "geometry": {
        "type": "Point",
        "coordinates": [
          104.09740330188684,
          0.913360849056604
        ]
      }
    },
    {
      "type": "Feature",
      "properties": {
        "confidence": 0.8722,
        "scene_id": "evt_0.9n_104.2e_20260524",
        "processed_at": "2026-05-26T13:25:14.137834",
        "status": "active",
        "disaster_type": null,
        "wilayah": null,
        "source": null,
        "ADM4_EN": "Rempang Cate",
        "ADM4_PCODE": "ID2171030005",
        "ADM4_REF": null,
        "ADM4ALT1EN": null,
        "ADM4ALT2EN": null,
        "ADM3_EN": "Galang",
        "ADM3_PCODE": "ID2171030",
        "ADM2_EN": "Kota Batam",
        "ADM2_PCODE": "ID2171",
        "ADM1_EN": "Kepulauan Riau",
        "ADM1_PCODE": "ID21",
        "ADM0_EN": "Indonesia",
        "ADM0_PCODE": "ID"
      },
      "geometry": {
        "type": "Point",
        "coordinates": [
          104.12865330188684,
          0.913360849056604
        ]
      }
    },
    {
      "type": "Feature",
      "properties": {
        "confidence": 0.6655,
        "scene_id": "evt_0.9n_104.2e_20260524",
        "processed_at": "2026-05-26T13:25:14.137834",
        "status": "active",
        "disaster_type": null,
        "wilayah": null,
        "source": null,
        "ADM4_EN": "Subang Mas",
        "ADM4_PCODE": "ID2171030006",
        "ADM4_REF": null,
        "ADM4ALT1EN": null,
        "ADM4ALT2EN": null,
        "ADM3_EN": "Galang",
        "ADM3_PCODE": "ID2171030",
        "ADM2_EN": "Kota Batam",
        "ADM2_PCODE": "ID2171",
        "ADM1_EN": "Kepulauan Riau",
        "ADM1_PCODE": "ID21",
        "ADM0_EN": "Indonesia",
        "ADM0_PCODE": "ID"
      },
      "geometry": {
        "type": "Point",
        "coordinates": [
          104.15990330188684,
          0.913360849056604
        ]
      }
    },
    {
      "type": "Feature",
      "properties": {
        "confidence": 0.6427,
        "scene_id": "evt_0.9n_104.2e_20260524",
        "processed_at": "2026-05-26T13:25:14.137834",
        "status": "active",
        "disaster_type": null,
        "wilayah": null,
        "source": null,
        "ADM4_EN": "Subang Mas",
        "ADM4_PCODE": "ID2171030006",
        "ADM4_REF": null,
        "ADM4ALT1EN": null,
        "ADM4ALT2EN": null,
        "ADM3_EN": "Galang",
        "ADM3_PCODE": "ID2171030",
        "ADM2_EN": "Kota Batam",
        "ADM2_PCODE": "ID2171",
        "ADM1_EN": "Kepulauan Riau",
        "ADM1_PCODE": "ID21",
        "ADM0_EN": "Indonesia",
        "ADM0_PCODE": "ID"
      },
      "geometry": {
        "type": "Point",
        "coordinates": [
          104.19115330188684,
          0.913360849056604
        ]
      }
    },
    {
      "type": "Feature",
      "properties": {
        "confidence": 0.2489,
        "scene_id": "evt_0.9n_104.2e_20260524",
        "processed_at": "2026-05-26T13:25:14.137834",
        "status": "active",
        "disaster_type": null,
        "wilayah": null,
        "source": null,
        "ADM4_EN": "Penyengat",
        "ADM4_PCODE": "ID2172030002",
        "ADM4_REF": null,
        "ADM4ALT1EN": null,
        "ADM4ALT2EN": null,
        "ADM3_EN": "Tanjungpinang Kota",
        "ADM3_PCODE": "ID2172030",
        "ADM2_EN": "Kota Tanjung Pinang",
        "ADM2_PCODE": "ID2172",
        "ADM1_EN": "Kepulauan Riau",
        "ADM1_PCODE": "ID21",
        "ADM0_EN": "Indonesia",
        "ADM0_PCODE": "ID"
      },
      "geometry": {
        "type": "Point",
        "coordinates": [
          104.40990330188684,
          0.913360849056604
        ]
      }
    },
    {
      "type": "Feature",
      "properties": {
        "confidence": 0.2874,
        "scene_id": "evt_0.9n_104.2e_20260524",
        "processed_at": "2026-05-26T13:25:14.137834",
        "status": "active",
        "disaster_type": null,
        "wilayah": null,
        "source": null,
        "ADM4_EN": "Rempang Cate",
        "ADM4_PCODE": "ID2171030005",
        "ADM4_REF": null,
        "ADM4ALT1EN": null,
        "ADM4ALT2EN": null,
        "ADM3_EN": "Galang",
        "ADM3_PCODE": "ID2171030",
        "ADM2_EN": "Kota Batam",
        "ADM2_PCODE": "ID2171",
        "ADM1_EN": "Kepulauan Riau",
        "ADM1_PCODE": "ID21",
        "ADM0_EN": "Indonesia",
        "ADM0_PCODE": "ID"
      },
      "geometry": {
        "type": "Point",
        "coordinates": [
          104.09740330188684,
          0.882110849056604
        ]
      }
    },
    {
      "type": "Feature",
      "properties": {
        "confidence": 0.7721,
        "scene_id": "evt_0.9n_104.2e_20260524",
        "processed_at": "2026-05-26T13:25:14.137834",
        "status": "active",
        "disaster_type": null,
        "wilayah": null,
        "source": null,
        "ADM4_EN": "Rempang Cate",
        "ADM4_PCODE": "ID2171030005",
        "ADM4_REF": null,
        "ADM4ALT1EN": null,
        "ADM4ALT2EN": null,
        "ADM3_EN": "Galang",
        "ADM3_PCODE": "ID2171030",
        "ADM2_EN": "Kota Batam",
        "ADM2_PCODE": "ID2171",
        "ADM1_EN": "Kepulauan Riau",
        "ADM1_PCODE": "ID21",
        "ADM0_EN": "Indonesia",
        "ADM0_PCODE": "ID"
      },
      "geometry": {
        "type": "Point",
        "coordinates": [
          104.12865330188684,
          0.882110849056604
        ]
      }
    },
    {
      "type": "Feature",
      "properties": {
        "confidence": 0.9282,
        "scene_id": "evt_0.9n_104.2e_20260524",
        "processed_at": "2026-05-26T13:25:14.137834",
        "status": "active",
        "disaster_type": null,
        "wilayah": null,
        "source": null,
        "ADM4_EN": "Rempang Cate",
        "ADM4_PCODE": "ID2171030005",
        "ADM4_REF": null,
        "ADM4ALT1EN": null,
        "ADM4ALT2EN": null,
        "ADM3_EN": "Galang",
        "ADM3_PCODE": "ID2171030",
        "ADM2_EN": "Kota Batam",
        "ADM2_PCODE": "ID2171",
        "ADM1_EN": "Kepulauan Riau",
        "ADM1_PCODE": "ID21",
        "ADM0_EN": "Indonesia",
        "ADM0_PCODE": "ID"
      },
      "geometry": {
        "type": "Point",
        "coordinates": [
          104.15990330188684,
          0.882110849056604
        ]
      }
    },
    {
      "type": "Feature",
      "properties": {
        "confidence": 0.3113,
        "scene_id": "evt_0.9n_104.2e_20260524",
        "processed_at": "2026-05-26T13:25:14.137834",
        "status": "active",
        "disaster_type": null,
        "wilayah": null,
        "source": null,
        "ADM4_EN": "Rempang Cate",
        "ADM4_PCODE": "ID2171030005",
        "ADM4_REF": null,
        "ADM4ALT1EN": null,
        "ADM4ALT2EN": null,
        "ADM3_EN": "Galang",
        "ADM3_PCODE": "ID2171030",
        "ADM2_EN": "Kota Batam",
        "ADM2_PCODE": "ID2171",
        "ADM1_EN": "Kepulauan Riau",
        "ADM1_PCODE": "ID21",
        "ADM0_EN": "Indonesia",
        "ADM0_PCODE": "ID"
      },
      "geometry": {
        "type": "Point",
        "coordinates": [
          104.19115330188684,
          0.882110849056604
        ]
      }
    },
    {
      "type": "Feature",
      "properties": {
        "confidence": 0.3475,
        "scene_id": "evt_0.9n_104.2e_20260524",
        "processed_at": "2026-05-26T13:25:14.137834",
        "status": "active",
        "disaster_type": null,
        "wilayah": null,
        "source": null,
        "ADM4_EN": "Rempang Cate",
        "ADM4_PCODE": "ID2171030005",
        "ADM4_REF": null,
        "ADM4ALT1EN": null,
        "ADM4ALT2EN": null,
        "ADM3_EN": "Galang",
        "ADM3_PCODE": "ID2171030",
        "ADM2_EN": "Kota Batam",
        "ADM2_PCODE": "ID2171",
        "ADM1_EN": "Kepulauan Riau",
        "ADM1_PCODE": "ID21",
        "ADM0_EN": "Indonesia",
        "ADM0_PCODE": "ID"
      },
      "geometry": {
        "type": "Point",
        "coordinates": [
          104.22240330188684,
          0.882110849056604
        ]
      }
    },
    {
      "type": "Feature",
      "properties": {
        "confidence": 0.2027,
        "scene_id": "evt_0.9n_104.2e_20260524",
        "processed_at": "2026-05-26T13:25:14.137834",
        "status": "active",
        "disaster_type": null,
        "wilayah": null,
        "source": null,
        "ADM4_EN": "Rempang Cate",
        "ADM4_PCODE": "ID2171030005",
        "ADM4_REF": null,
        "ADM4ALT1EN": null,
        "ADM4ALT2EN": null,
        "ADM3_EN": "Galang",
        "ADM3_PCODE": "ID2171030",
        "ADM2_EN": "Kota Batam",
        "ADM2_PCODE": "ID2171",
        "ADM1_EN": "Kepulauan Riau",
        "ADM1_PCODE": "ID21",
        "ADM0_EN": "Indonesia",
        "ADM0_PCODE": "ID"
      },
      "geometry": {
        "type": "Point",
        "coordinates": [
          104.25365330188684,
          0.882110849056604
        ]
      }
    },
    {
      "type": "Feature",
      "properties": {
        "confidence": 0.2991,
        "scene_id": "evt_0.9n_104.2e_20260524",
        "processed_at": "2026-05-26T13:25:14.137834",
        "status": "active",
        "disaster_type": null,
        "wilayah": null,
        "source": null,
        "ADM4_EN": "Rempang Cate",
        "ADM4_PCODE": "ID2171030005",
        "ADM4_REF": null,
        "ADM4ALT1EN": null,
        "ADM4ALT2EN": null,
        "ADM3_EN": "Galang",
        "ADM3_PCODE": "ID2171030",
        "ADM2_EN": "Kota Batam",
        "ADM2_PCODE": "ID2171",
        "ADM1_EN": "Kepulauan Riau",
        "ADM1_PCODE": "ID21",
        "ADM0_EN": "Indonesia",
        "ADM0_PCODE": "ID"
      },
      "geometry": {
        "type": "Point",
        "coordinates": [
          104.09740330188684,
          0.850860849056604
        ]
      }
    },
    {
      "type": "Feature",
      "properties": {
        "confidence": 0.7809,
        "scene_id": "evt_0.9n_104.2e_20260524",
        "processed_at": "2026-05-26T13:25:14.137834",
        "status": "active",
        "disaster_type": null,
        "wilayah": null,
        "source": null,
        "ADM4_EN": "Rempang Cate",
        "ADM4_PCODE": "ID2171030005",
        "ADM4_REF": null,
        "ADM4ALT1EN": null,
        "ADM4ALT2EN": null,
        "ADM3_EN": "Galang",
        "ADM3_PCODE": "ID2171030",
        "ADM2_EN": "Kota Batam",
        "ADM2_PCODE": "ID2171",
        "ADM1_EN": "Kepulauan Riau",
        "ADM1_PCODE": "ID21",
        "ADM0_EN": "Indonesia",
        "ADM0_PCODE": "ID"
      },
      "geometry": {
        "type": "Point",
        "coordinates": [
          104.12865330188684,
          0.850860849056604
        ]
      }
    },
    {
      "type": "Feature",
      "properties": {
        "confidence": 0.6826,
        "scene_id": "evt_0.9n_104.2e_20260524",
        "processed_at": "2026-05-26T13:25:14.137834",
        "status": "active",
        "disaster_type": null,
        "wilayah": null,
        "source": null,
        "ADM4_EN": "Sembulang",
        "ADM4_PCODE": "ID2171030004",
        "ADM4_REF": null,
        "ADM4ALT1EN": null,
        "ADM4ALT2EN": null,
        "ADM3_EN": "Galang",
        "ADM3_PCODE": "ID2171030",
        "ADM2_EN": "Kota Batam",
        "ADM2_PCODE": "ID2171",
        "ADM1_EN": "Kepulauan Riau",
        "ADM1_PCODE": "ID21",
        "ADM0_EN": "Indonesia",
        "ADM0_PCODE": "ID"
      },
      "geometry": {
        "type": "Point",
        "coordinates": [
          104.15990330188684,
          0.850860849056604
        ]
      }
    },
    {
      "type": "Feature",
      "properties": {
        "confidence": 0.8618,
        "scene_id": "evt_0.9n_104.2e_20260524",
        "processed_at": "2026-05-26T13:25:14.137834",
        "status": "active",
        "disaster_type": null,
        "wilayah": null,
        "source": null,
        "ADM4_EN": "Rempang Cate",
        "ADM4_PCODE": "ID2171030005",
        "ADM4_REF": null,
        "ADM4ALT1EN": null,
        "ADM4ALT2EN": null,
        "ADM3_EN": "Galang",
        "ADM3_PCODE": "ID2171030",
        "ADM2_EN": "Kota Batam",
        "ADM2_PCODE": "ID2171",
        "ADM1_EN": "Kepulauan Riau",
        "ADM1_PCODE": "ID21",
        "ADM0_EN": "Indonesia",
        "ADM0_PCODE": "ID"
      },
      "geometry": {
        "type": "Point",
        "coordinates": [
          104.19115330188684,
          0.850860849056604
        ]
      }
    },
    {
      "type": "Feature",
      "properties": {
        "confidence": 0.9088,
        "scene_id": "evt_0.9n_104.2e_20260524",
        "processed_at": "2026-05-26T13:25:14.137834",
        "status": "active",
        "disaster_type": null,
        "wilayah": null,
        "source": null,
        "ADM4_EN": "Sembulang",
        "ADM4_PCODE": "ID2171030004",
        "ADM4_REF": null,
        "ADM4ALT1EN": null,
        "ADM4ALT2EN": null,
        "ADM3_EN": "Galang",
        "ADM3_PCODE": "ID2171030",
        "ADM2_EN": "Kota Batam",
        "ADM2_PCODE": "ID2171",
        "ADM1_EN": "Kepulauan Riau",
        "ADM1_PCODE": "ID21",
        "ADM0_EN": "Indonesia",
        "ADM0_PCODE": "ID"
      },
      "geometry": {
        "type": "Point",
        "coordinates": [
          104.22240330188684,
          0.850860849056604
        ]
      }
    },
    {
      "type": "Feature",
      "properties": {
        "confidence": 0.7974,
        "scene_id": "evt_0.9n_104.2e_20260524",
        "processed_at": "2026-05-26T13:25:14.137834",
        "status": "active",
        "disaster_type": null,
        "wilayah": null,
        "source": null,
        "ADM4_EN": "Sembulang",
        "ADM4_PCODE": "ID2171030004",
        "ADM4_REF": null,
        "ADM4ALT1EN": null,
        "ADM4ALT2EN": null,
        "ADM3_EN": "Galang",
        "ADM3_PCODE": "ID2171030",
        "ADM2_EN": "Kota Batam",
        "ADM2_PCODE": "ID2171",
        "ADM1_EN": "Kepulauan Riau",
        "ADM1_PCODE": "ID21",
        "ADM0_EN": "Indonesia",
        "ADM0_PCODE": "ID"
      },
      "geometry": {
        "type": "Point",
        "coordinates": [
          104.25365330188684,
          0.850860849056604
        ]
      }
    },
    {
      "type": "Feature",
      "properties": {
        "confidence": 0.5232,
        "scene_id": "evt_0.9n_104.2e_20260524",
        "processed_at": "2026-05-26T13:25:14.137834",
        "status": "active",
        "disaster_type": null,
        "wilayah": null,
        "source": null,
        "ADM4_EN": "Sembulang",
        "ADM4_PCODE": "ID2171030004",
        "ADM4_REF": null,
        "ADM4ALT1EN": null,
        "ADM4ALT2EN": null,
        "ADM3_EN": "Galang",
        "ADM3_PCODE": "ID2171030",
        "ADM2_EN": "Kota Batam",
        "ADM2_PCODE": "ID2171",
        "ADM1_EN": "Kepulauan Riau",
        "ADM1_PCODE": "ID21",
        "ADM0_EN": "Indonesia",
        "ADM0_PCODE": "ID"
      },
      "geometry": {
        "type": "Point",
        "coordinates": [
          104.28490330188684,
          0.850860849056604
        ]
      }
    },
    {
      "type": "Feature",
      "properties": {
        "confidence": 0.565,
        "scene_id": "evt_0.9n_104.2e_20260524",
        "processed_at": "2026-05-26T13:25:14.137834",
        "status": "active",
        "disaster_type": null,
        "wilayah": null,
        "source": null,
        "ADM4_EN": "Karas",
        "ADM4_PCODE": "ID2171030002",
        "ADM4_REF": null,
        "ADM4ALT1EN": null,
        "ADM4ALT2EN": null,
        "ADM3_EN": "Galang",
        "ADM3_PCODE": "ID2171030",
        "ADM2_EN": "Kota Batam",
        "ADM2_PCODE": "ID2171",
        "ADM1_EN": "Kepulauan Riau",
        "ADM1_PCODE": "ID21",
        "ADM0_EN": "Indonesia",
        "ADM0_PCODE": "ID"
      },
      "geometry": {
        "type": "Point",
        "coordinates": [
          104.31615330188684,
          0.850860849056604
        ]
      }
    },
    {
      "type": "Feature",
      "properties": {
        "confidence": 0.4717,
        "scene_id": "evt_0.9n_104.2e_20260524",
        "processed_at": "2026-05-26T13:25:14.137834",
        "status": "active",
        "disaster_type": null,
        "wilayah": null,
        "source": null,
        "ADM4_EN": "Pangkil",
        "ADM4_PCODE": "ID2102040001",
        "ADM4_REF": null,
        "ADM4ALT1EN": null,
        "ADM4ALT2EN": null,
        "ADM3_EN": "Teluk Bintan",
        "ADM3_PCODE": "ID2102040",
        "ADM2_EN": "Bintan",
        "ADM2_PCODE": "ID2102",
        "ADM1_EN": "Kepulauan Riau",
        "ADM1_PCODE": "ID21",
        "ADM0_EN": "Indonesia",
        "ADM0_PCODE": "ID"
      },
      "geometry": {
        "type": "Point",
        "coordinates": [
          104.34740330188684,
          0.850860849056604
        ]
      }
    },
    {
      "type": "Feature",
      "properties": {
        "confidence": 0.8145,
        "scene_id": "evt_0.9n_104.2e_20260524",
        "processed_at": "2026-05-26T13:25:14.137834",
        "status": "active",
        "disaster_type": null,
        "wilayah": null,
        "source": null,
        "ADM4_EN": "Pangkil",
        "ADM4_PCODE": "ID2102040001",
        "ADM4_REF": null,
        "ADM4ALT1EN": null,
        "ADM4ALT2EN": null,
        "ADM3_EN": "Teluk Bintan",
        "ADM3_PCODE": "ID2102040",
        "ADM2_EN": "Bintan",
        "ADM2_PCODE": "ID2102",
        "ADM1_EN": "Kepulauan Riau",
        "ADM1_PCODE": "ID21",
        "ADM0_EN": "Indonesia",
        "ADM0_PCODE": "ID"
      },
      "geometry": {
        "type": "Point",
        "coordinates": [
          104.37865330188684,
          0.850860849056604
        ]
      }
    },
    {
      "type": "Feature",
      "properties": {
        "confidence": 0.9514,
        "scene_id": "evt_0.9n_104.2e_20260524",
        "processed_at": "2026-05-26T13:25:14.137834",
        "status": "active",
        "disaster_type": null,
        "wilayah": null,
        "source": null,
        "ADM4_EN": "Dompak",
        "ADM4_PCODE": "ID2172010001",
        "ADM4_REF": null,
        "ADM4ALT1EN": null,
        "ADM4ALT2EN": null,
        "ADM3_EN": "Bukit Bestari",
        "ADM3_PCODE": "ID2172010",
        "ADM2_EN": "Kota Tanjung Pinang",
        "ADM2_PCODE": "ID2172",
        "ADM1_EN": "Kepulauan Riau",
        "ADM1_PCODE": "ID21",
        "ADM0_EN": "Indonesia",
        "ADM0_PCODE": "ID"
      },
      "geometry": {
        "type": "Point",
        "coordinates": [
          104.40990330188684,
          0.850860849056604
        ]
      }
    },
    {
      "type": "Feature",
      "properties": {
        "confidence": 0.2757,
        "scene_id": "evt_0.9n_104.2e_20260524",
        "processed_at": "2026-05-26T13:25:14.137834",
        "status": "active",
        "disaster_type": null,
        "wilayah": null,
        "source": null,
        "ADM4_EN": "Sijantung",
        "ADM4_PCODE": "ID2171030003",
        "ADM4_REF": null,
        "ADM4ALT1EN": null,
        "ADM4ALT2EN": null,
        "ADM3_EN": "Galang",
        "ADM3_PCODE": "ID2171030",
        "ADM2_EN": "Kota Batam",
        "ADM2_PCODE": "ID2171",
        "ADM1_EN": "Kepulauan Riau",
        "ADM1_PCODE": "ID21",
        "ADM0_EN": "Indonesia",
        "ADM0_PCODE": "ID"
      },
      "geometry": {
        "type": "Point",
        "coordinates": [
          104.09740330188684,
          0.819610849056604
        ]
      }
    },
    {
      "type": "Feature",
      "properties": {
        "confidence": 0.6677,
        "scene_id": "evt_0.9n_104.2e_20260524",
        "processed_at": "2026-05-26T13:25:14.137834",
        "status": "active",
        "disaster_type": null,
        "wilayah": null,
        "source": null,
        "ADM4_EN": "Sijantung",
        "ADM4_PCODE": "ID2171030003",
        "ADM4_REF": null,
        "ADM4ALT1EN": null,
        "ADM4ALT2EN": null,
        "ADM3_EN": "Galang",
        "ADM3_PCODE": "ID2171030",
        "ADM2_EN": "Kota Batam",
        "ADM2_PCODE": "ID2171",
        "ADM1_EN": "Kepulauan Riau",
        "ADM1_PCODE": "ID21",
        "ADM0_EN": "Indonesia",
        "ADM0_PCODE": "ID"
      },
      "geometry": {
        "type": "Point",
        "coordinates": [
          104.12865330188684,
          0.819610849056604
        ]
      }
    },
    {
      "type": "Feature",
      "properties": {
        "confidence": 0.311,
        "scene_id": "evt_0.9n_104.2e_20260524",
        "processed_at": "2026-05-26T13:25:14.137834",
        "status": "active",
        "disaster_type": null,
        "wilayah": null,
        "source": null,
        "ADM4_EN": "Sembulang",
        "ADM4_PCODE": "ID2171030004",
        "ADM4_REF": null,
        "ADM4ALT1EN": null,
        "ADM4ALT2EN": null,
        "ADM3_EN": "Galang",
        "ADM3_PCODE": "ID2171030",
        "ADM2_EN": "Kota Batam",
        "ADM2_PCODE": "ID2171",
        "ADM1_EN": "Kepulauan Riau",
        "ADM1_PCODE": "ID21",
        "ADM0_EN": "Indonesia",
        "ADM0_PCODE": "ID"
      },
      "geometry": {
        "type": "Point",
        "coordinates": [
          104.15990330188684,
          0.819610849056604
        ]
      }
    },
    {
      "type": "Feature",
      "properties": {
        "confidence": 0.5532,
        "scene_id": "evt_0.9n_104.2e_20260524",
        "processed_at": "2026-05-26T13:25:14.137834",
        "status": "active",
        "disaster_type": null,
        "wilayah": null,
        "source": null,
        "ADM4_EN": "Sembulang",
        "ADM4_PCODE": "ID2171030004",
        "ADM4_REF": null,
        "ADM4ALT1EN": null,
        "ADM4ALT2EN": null,
        "ADM3_EN": "Galang",
        "ADM3_PCODE": "ID2171030",
        "ADM2_EN": "Kota Batam",
        "ADM2_PCODE": "ID2171",
        "ADM1_EN": "Kepulauan Riau",
        "ADM1_PCODE": "ID21",
        "ADM0_EN": "Indonesia",
        "ADM0_PCODE": "ID"
      },
      "geometry": {
        "type": "Point",
        "coordinates": [
          104.19115330188684,
          0.819610849056604
        ]
      }
    },
    {
      "type": "Feature",
      "properties": {
        "confidence": 0.7431,
        "scene_id": "evt_0.9n_104.2e_20260524",
        "processed_at": "2026-05-26T13:25:14.137834",
        "status": "active",
        "disaster_type": null,
        "wilayah": null,
        "source": null,
        "ADM4_EN": "Sembulang",
        "ADM4_PCODE": "ID2171030004",
        "ADM4_REF": null,
        "ADM4ALT1EN": null,
        "ADM4ALT2EN": null,
        "ADM3_EN": "Galang",
        "ADM3_PCODE": "ID2171030",
        "ADM2_EN": "Kota Batam",
        "ADM2_PCODE": "ID2171",
        "ADM1_EN": "Kepulauan Riau",
        "ADM1_PCODE": "ID21",
        "ADM0_EN": "Indonesia",
        "ADM0_PCODE": "ID"
      },
      "geometry": {
        "type": "Point",
        "coordinates": [
          104.22240330188684,
          0.819610849056604
        ]
      }
    },
    {
      "type": "Feature",
      "properties": {
        "confidence": 0.6455,
        "scene_id": "evt_0.9n_104.2e_20260524",
        "processed_at": "2026-05-26T13:25:14.137834",
        "status": "active",
        "disaster_type": null,
        "wilayah": null,
        "source": null,
        "ADM4_EN": "Sembulang",
        "ADM4_PCODE": "ID2171030004",
        "ADM4_REF": null,
        "ADM4ALT1EN": null,
        "ADM4ALT2EN": null,
        "ADM3_EN": "Galang",
        "ADM3_PCODE": "ID2171030",
        "ADM2_EN": "Kota Batam",
        "ADM2_PCODE": "ID2171",
        "ADM1_EN": "Kepulauan Riau",
        "ADM1_PCODE": "ID21",
        "ADM0_EN": "Indonesia",
        "ADM0_PCODE": "ID"
      },
      "geometry": {
        "type": "Point",
        "coordinates": [
          104.25365330188684,
          0.819610849056604
        ]
      }
    },
    {
      "type": "Feature",
      "properties": {
        "confidence": 0.6317,
        "scene_id": "evt_0.9n_104.2e_20260524",
        "processed_at": "2026-05-26T13:25:14.137834",
        "status": "active",
        "disaster_type": null,
        "wilayah": null,
        "source": null,
        "ADM4_EN": "Karas",
        "ADM4_PCODE": "ID2171030002",
        "ADM4_REF": null,
        "ADM4ALT1EN": null,
        "ADM4ALT2EN": null,
        "ADM3_EN": "Galang",
        "ADM3_PCODE": "ID2171030",
        "ADM2_EN": "Kota Batam",
        "ADM2_PCODE": "ID2171",
        "ADM1_EN": "Kepulauan Riau",
        "ADM1_PCODE": "ID21",
        "ADM0_EN": "Indonesia",
        "ADM0_PCODE": "ID"
      },
      "geometry": {
        "type": "Point",
        "coordinates": [
          104.28490330188684,
          0.819610849056604
        ]
      }
    },
    {
      "type": "Feature",
      "properties": {
        "confidence": 0.6096,
        "scene_id": "evt_0.9n_104.2e_20260524",
        "processed_at": "2026-05-26T13:25:14.137834",
        "status": "active",
        "disaster_type": null,
        "wilayah": null,
        "source": null,
        "ADM4_EN": "Karas",
        "ADM4_PCODE": "ID2171030002",
        "ADM4_REF": null,
        "ADM4ALT1EN": null,
        "ADM4ALT2EN": null,
        "ADM3_EN": "Galang",
        "ADM3_PCODE": "ID2171030",
        "ADM2_EN": "Kota Batam",
        "ADM2_PCODE": "ID2171",
        "ADM1_EN": "Kepulauan Riau",
        "ADM1_PCODE": "ID21",
        "ADM0_EN": "Indonesia",
        "ADM0_PCODE": "ID"
      },
      "geometry": {
        "type": "Point",
        "coordinates": [
          104.31615330188684,
          0.819610849056604
        ]
      }
    },
    {
      "type": "Feature",
      "properties": {
        "confidence": 0.6472,
        "scene_id": "evt_0.9n_104.2e_20260524",
        "processed_at": "2026-05-26T13:25:14.137834",
        "status": "active",
        "disaster_type": null,
        "wilayah": null,
        "source": null,
        "ADM4_EN": "Pangkil",
        "ADM4_PCODE": "ID2102040001",
        "ADM4_REF": null,
        "ADM4ALT1EN": null,
        "ADM4ALT2EN": null,
        "ADM3_EN": "Teluk Bintan",
        "ADM3_PCODE": "ID2102040",
        "ADM2_EN": "Bintan",
        "ADM2_PCODE": "ID2102",
        "ADM1_EN": "Kepulauan Riau",
        "ADM1_PCODE": "ID21",
        "ADM0_EN": "Indonesia",
        "ADM0_PCODE": "ID"
      },
      "geometry": {
        "type": "Point",
        "coordinates": [
          104.34740330188684,
          0.819610849056604
        ]
      }
    },
    {
      "type": "Feature",
      "properties": {
        "confidence": 0.65,
        "scene_id": "evt_0.9n_104.2e_20260524",
        "processed_at": "2026-05-26T13:25:14.137834",
        "status": "active",
        "disaster_type": null,
        "wilayah": null,
        "source": null,
        "ADM4_EN": "Pangkil",
        "ADM4_PCODE": "ID2102040001",
        "ADM4_REF": null,
        "ADM4ALT1EN": null,
        "ADM4ALT2EN": null,
        "ADM3_EN": "Teluk Bintan",
        "ADM3_PCODE": "ID2102040",
        "ADM2_EN": "Bintan",
        "ADM2_PCODE": "ID2102",
        "ADM1_EN": "Kepulauan Riau",
        "ADM1_PCODE": "ID21",
        "ADM0_EN": "Indonesia",
        "ADM0_PCODE": "ID"
      },
      "geometry": {
        "type": "Point",
        "coordinates": [
          104.37865330188684,
          0.819610849056604
        ]
      }
    },
    {
      "type": "Feature",
      "properties": {
        "confidence": 0.6682,
        "scene_id": "evt_0.9n_104.2e_20260524",
        "processed_at": "2026-05-26T13:25:14.137834",
        "status": "active",
        "disaster_type": null,
        "wilayah": null,
        "source": null,
        "ADM4_EN": "Dompak",
        "ADM4_PCODE": "ID2172010001",
        "ADM4_REF": null,
        "ADM4ALT1EN": null,
        "ADM4ALT2EN": null,
        "ADM3_EN": "Bukit Bestari",
        "ADM3_PCODE": "ID2172010",
        "ADM2_EN": "Kota Tanjung Pinang",
        "ADM2_PCODE": "ID2172",
        "ADM1_EN": "Kepulauan Riau",
        "ADM1_PCODE": "ID21",
        "ADM0_EN": "Indonesia",
        "ADM0_PCODE": "ID"
      },
      "geometry": {
        "type": "Point",
        "coordinates": [
          104.40990330188684,
          0.819610849056604
        ]
      }
    },
    {
      "type": "Feature",
      "properties": {
        "confidence": 0.5447,
        "scene_id": "evt_1.4n_104.2e_20260524",
        "processed_at": "2026-05-26T13:25:14.377395",
        "status": "active",
        "disaster_type": null,
        "wilayah": null,
        "source": null,
        "ADM4_EN": "Sambau",
        "ADM4_PCODE": "ID2171050008",
        "ADM4_REF": null,
        "ADM4ALT1EN": null,
        "ADM4ALT2EN": null,
        "ADM3_EN": "Nongsa",
        "ADM3_PCODE": "ID2171050",
        "ADM2_EN": "Kota Batam",
        "ADM2_PCODE": "ID2171",
        "ADM1_EN": "Kepulauan Riau",
        "ADM1_PCODE": "ID21",
        "ADM0_EN": "Indonesia",
        "ADM0_PCODE": "ID"
      },
      "geometry": {
        "type": "Point",
        "coordinates": [
          104.09740330188684,
          1.632110849056604
        ]
      }
    },
    {
      "type": "Feature",
      "properties": {
        "confidence": 0.9601,
        "scene_id": "evt_1.4n_104.2e_20260524",
        "processed_at": "2026-05-26T13:25:14.377395",
        "status": "active",
        "disaster_type": null,
        "wilayah": null,
        "source": null,
        "ADM4_EN": "Sambau",
        "ADM4_PCODE": "ID2171050008",
        "ADM4_REF": null,
        "ADM4ALT1EN": null,
        "ADM4ALT2EN": null,
        "ADM3_EN": "Nongsa",
        "ADM3_PCODE": "ID2171050",
        "ADM2_EN": "Kota Batam",
        "ADM2_PCODE": "ID2171",
        "ADM1_EN": "Kepulauan Riau",
        "ADM1_PCODE": "ID21",
        "ADM0_EN": "Indonesia",
        "ADM0_PCODE": "ID"
      },
      "geometry": {
        "type": "Point",
        "coordinates": [
          104.12865330188684,
          1.632110849056604
        ]
      }
    },
    {
      "type": "Feature",
      "properties": {
        "confidence": 0.782,
        "scene_id": "evt_1.4n_104.2e_20260524",
        "processed_at": "2026-05-26T13:25:14.377395",
        "status": "active",
        "disaster_type": null,
        "wilayah": null,
        "source": null,
        "ADM4_EN": "Sambau",
        "ADM4_PCODE": "ID2171050008",
        "ADM4_REF": null,
        "ADM4ALT1EN": null,
        "ADM4ALT2EN": null,
        "ADM3_EN": "Nongsa",
        "ADM3_PCODE": "ID2171050",
        "ADM2_EN": "Kota Batam",
        "ADM2_PCODE": "ID2171",
        "ADM1_EN": "Kepulauan Riau",
        "ADM1_PCODE": "ID21",
        "ADM0_EN": "Indonesia",
        "ADM0_PCODE": "ID"
      },
      "geometry": {
        "type": "Point",
        "coordinates": [
          104.15990330188684,
          1.632110849056604
        ]
      }
    },
    {
      "type": "Feature",
      "properties": {
        "confidence": 0.9389,
        "scene_id": "evt_1.4n_104.2e_20260524",
        "processed_at": "2026-05-26T13:25:14.377395",
        "status": "active",
        "disaster_type": null,
        "wilayah": null,
        "source": null,
        "ADM4_EN": "Sambau",
        "ADM4_PCODE": "ID2171050008",
        "ADM4_REF": null,
        "ADM4ALT1EN": null,
        "ADM4ALT2EN": null,
        "ADM3_EN": "Nongsa",
        "ADM3_PCODE": "ID2171050",
        "ADM2_EN": "Kota Batam",
        "ADM2_PCODE": "ID2171",
        "ADM1_EN": "Kepulauan Riau",
        "ADM1_PCODE": "ID21",
        "ADM0_EN": "Indonesia",
        "ADM0_PCODE": "ID"
      },
      "geometry": {
        "type": "Point",
        "coordinates": [
          104.19115330188684,
          1.632110849056604
        ]
      }
    },
    {
      "type": "Feature",
      "properties": {
        "confidence": 0.9717,
        "scene_id": "evt_1.4n_104.2e_20260524",
        "processed_at": "2026-05-26T13:25:14.377395",
        "status": "active",
        "disaster_type": null,
        "wilayah": null,
        "source": null,
        "ADM4_EN": "Sambau",
        "ADM4_PCODE": "ID2171050008",
        "ADM4_REF": null,
        "ADM4ALT1EN": null,
        "ADM4ALT2EN": null,
        "ADM3_EN": "Nongsa",
        "ADM3_PCODE": "ID2171050",
        "ADM2_EN": "Kota Batam",
        "ADM2_PCODE": "ID2171",
        "ADM1_EN": "Kepulauan Riau",
        "ADM1_PCODE": "ID21",
        "ADM0_EN": "Indonesia",
        "ADM0_PCODE": "ID"
      },
      "geometry": {
        "type": "Point",
        "coordinates": [
          104.22240330188684,
          1.632110849056604
        ]
      }
    },
    {
      "type": "Feature",
      "properties": {
        "confidence": 0.9887,
        "scene_id": "evt_1.4n_104.2e_20260524",
        "processed_at": "2026-05-26T13:25:14.377395",
        "status": "active",
        "disaster_type": null,
        "wilayah": null,
        "source": null,
        "ADM4_EN": "Sebong Lagoi",
        "ADM4_PCODE": "ID2102051002",
        "ADM4_REF": null,
        "ADM4ALT1EN": null,
        "ADM4ALT2EN": null,
        "ADM3_EN": "Teluk Sebong",
        "ADM3_PCODE": "ID2102051",
        "ADM2_EN": "Bintan",
        "ADM2_PCODE": "ID2102",
        "ADM1_EN": "Kepulauan Riau",
        "ADM1_PCODE": "ID21",
        "ADM0_EN": "Indonesia",
        "ADM0_PCODE": "ID"
      },
      "geometry": {
        "type": "Point",
        "coordinates": [
          104.25365330188684,
          1.632110849056604
        ]
      }
    },
    {
      "type": "Feature",
      "properties": {
        "confidence": 0.9818,
        "scene_id": "evt_1.4n_104.2e_20260524",
        "processed_at": "2026-05-26T13:25:14.377395",
        "status": "active",
        "disaster_type": null,
        "wilayah": null,
        "source": null,
        "ADM4_EN": "Sebong Lagoi",
        "ADM4_PCODE": "ID2102051002",
        "ADM4_REF": null,
        "ADM4ALT1EN": null,
        "ADM4ALT2EN": null,
        "ADM3_EN": "Teluk Sebong",
        "ADM3_PCODE": "ID2102051",
        "ADM2_EN": "Bintan",
        "ADM2_PCODE": "ID2102",
        "ADM1_EN": "Kepulauan Riau",
        "ADM1_PCODE": "ID21",
        "ADM0_EN": "Indonesia",
        "ADM0_PCODE": "ID"
      },
      "geometry": {
        "type": "Point",
        "coordinates": [
          104.28490330188684,
          1.632110849056604
        ]
      }
    },
    {
      "type": "Feature",
      "properties": {
        "confidence": 0.9679,
        "scene_id": "evt_1.4n_104.2e_20260524",
        "processed_at": "2026-05-26T13:25:14.377395",
        "status": "active",
        "disaster_type": null,
        "wilayah": null,
        "source": null,
        "ADM4_EN": "Sebong Lagoi",
        "ADM4_PCODE": "ID2102051002",
        "ADM4_REF": null,
        "ADM4ALT1EN": null,
        "ADM4ALT2EN": null,
        "ADM3_EN": "Teluk Sebong",
        "ADM3_PCODE": "ID2102051",
        "ADM2_EN": "Bintan",
        "ADM2_PCODE": "ID2102",
        "ADM1_EN": "Kepulauan Riau",
        "ADM1_PCODE": "ID21",
        "ADM0_EN": "Indonesia",
        "ADM0_PCODE": "ID"
      },
      "geometry": {
        "type": "Point",
        "coordinates": [
          104.31615330188684,
          1.632110849056604
        ]
      }
    },
    {
      "type": "Feature",
      "properties": {
        "confidence": 0.9079,
        "scene_id": "evt_1.4n_104.2e_20260524",
        "processed_at": "2026-05-26T13:25:14.377395",
        "status": "active",
        "disaster_type": null,
        "wilayah": null,
        "source": null,
        "ADM4_EN": "Sebong Lagoi",
        "ADM4_PCODE": "ID2102051002",
        "ADM4_REF": null,
        "ADM4ALT1EN": null,
        "ADM4ALT2EN": null,
        "ADM3_EN": "Teluk Sebong",
        "ADM3_PCODE": "ID2102051",
        "ADM2_EN": "Bintan",
        "ADM2_PCODE": "ID2102",
        "ADM1_EN": "Kepulauan Riau",
        "ADM1_PCODE": "ID21",
        "ADM0_EN": "Indonesia",
        "ADM0_PCODE": "ID"
      },
      "geometry": {
        "type": "Point",
        "coordinates": [
          104.34740330188684,
          1.632110849056604
        ]
      }
    },
    {
      "type": "Feature",
      "properties": {
        "confidence": 0.6864,
        "scene_id": "evt_1.4n_104.2e_20260524",
        "processed_at": "2026-05-26T13:25:14.377395",
        "status": "active",
        "disaster_type": null,
        "wilayah": null,
        "source": null,
        "ADM4_EN": "Sebong Lagoi",
        "ADM4_PCODE": "ID2102051002",
        "ADM4_REF": null,
        "ADM4ALT1EN": null,
        "ADM4ALT2EN": null,
        "ADM3_EN": "Teluk Sebong",
        "ADM3_PCODE": "ID2102051",
        "ADM2_EN": "Bintan",
        "ADM2_PCODE": "ID2102",
        "ADM1_EN": "Kepulauan Riau",
        "ADM1_PCODE": "ID21",
        "ADM0_EN": "Indonesia",
        "ADM0_PCODE": "ID"
      },
      "geometry": {
        "type": "Point",
        "coordinates": [
          104.37865330188684,
          1.632110849056604
        ]
      }
    },
    {
      "type": "Feature",
      "properties": {
        "confidence": 0.4064,
        "scene_id": "evt_1.4n_104.2e_20260524",
        "processed_at": "2026-05-26T13:25:14.377395",
        "status": "active",
        "disaster_type": null,
        "wilayah": null,
        "source": null,
        "ADM4_EN": "Sebong Lagoi",
        "ADM4_PCODE": "ID2102051002",
        "ADM4_REF": null,
        "ADM4ALT1EN": null,
        "ADM4ALT2EN": null,
        "ADM3_EN": "Teluk Sebong",
        "ADM3_PCODE": "ID2102051",
        "ADM2_EN": "Bintan",
        "ADM2_PCODE": "ID2102",
        "ADM1_EN": "Kepulauan Riau",
        "ADM1_PCODE": "ID21",
        "ADM0_EN": "Indonesia",
        "ADM0_PCODE": "ID"
      },
      "geometry": {
        "type": "Point",
        "coordinates": [
          104.40990330188684,
          1.632110849056604
        ]
      }
    },
    {
      "type": "Feature",
      "properties": {
        "confidence": 0.5371,
        "scene_id": "evt_1.4n_104.2e_20260524",
        "processed_at": "2026-05-26T13:25:14.377395",
        "status": "active",
        "disaster_type": null,
        "wilayah": null,
        "source": null,
        "ADM4_EN": "Sambau",
        "ADM4_PCODE": "ID2171050008",
        "ADM4_REF": null,
        "ADM4ALT1EN": null,
        "ADM4ALT2EN": null,
        "ADM3_EN": "Nongsa",
        "ADM3_PCODE": "ID2171050",
        "ADM2_EN": "Kota Batam",
        "ADM2_PCODE": "ID2171",
        "ADM1_EN": "Kepulauan Riau",
        "ADM1_PCODE": "ID21",
        "ADM0_EN": "Indonesia",
        "ADM0_PCODE": "ID"
      },
      "geometry": {
        "type": "Point",
        "coordinates": [
          104.09740330188684,
          1.600860849056604
        ]
      }
    },
    {
      "type": "Feature",
      "properties": {
        "confidence": 0.9932,
        "scene_id": "evt_1.4n_104.2e_20260524",
        "processed_at": "2026-05-26T13:25:14.377395",
        "status": "active",
        "disaster_type": null,
        "wilayah": null,
        "source": null,
        "ADM4_EN": "Sambau",
        "ADM4_PCODE": "ID2171050008",
        "ADM4_REF": null,
        "ADM4ALT1EN": null,
        "ADM4ALT2EN": null,
        "ADM3_EN": "Nongsa",
        "ADM3_PCODE": "ID2171050",
        "ADM2_EN": "Kota Batam",
        "ADM2_PCODE": "ID2171",
        "ADM1_EN": "Kepulauan Riau",
        "ADM1_PCODE": "ID21",
        "ADM0_EN": "Indonesia",
        "ADM0_PCODE": "ID"
      },
      "geometry": {
        "type": "Point",
        "coordinates": [
          104.12865330188684,
          1.600860849056604
        ]
      }
    },
    {
      "type": "Feature",
      "properties": {
        "confidence": 0.998,
        "scene_id": "evt_1.4n_104.2e_20260524",
        "processed_at": "2026-05-26T13:25:14.377395",
        "status": "active",
        "disaster_type": null,
        "wilayah": null,
        "source": null,
        "ADM4_EN": "Sambau",
        "ADM4_PCODE": "ID2171050008",
        "ADM4_REF": null,
        "ADM4ALT1EN": null,
        "ADM4ALT2EN": null,
        "ADM3_EN": "Nongsa",
        "ADM3_PCODE": "ID2171050",
        "ADM2_EN": "Kota Batam",
        "ADM2_PCODE": "ID2171",
        "ADM1_EN": "Kepulauan Riau",
        "ADM1_PCODE": "ID21",
        "ADM0_EN": "Indonesia",
        "ADM0_PCODE": "ID"
      },
      "geometry": {
        "type": "Point",
        "coordinates": [
          104.15990330188684,
          1.600860849056604
        ]
      }
    },
    {
      "type": "Feature",
      "properties": {
        "confidence": 0.9979,
        "scene_id": "evt_1.4n_104.2e_20260524",
        "processed_at": "2026-05-26T13:25:14.378400",
        "status": "active",
        "disaster_type": null,
        "wilayah": null,
        "source": null,
        "ADM4_EN": "Sambau",
        "ADM4_PCODE": "ID2171050008",
        "ADM4_REF": null,
        "ADM4ALT1EN": null,
        "ADM4ALT2EN": null,
        "ADM3_EN": "Nongsa",
        "ADM3_PCODE": "ID2171050",
        "ADM2_EN": "Kota Batam",
        "ADM2_PCODE": "ID2171",
        "ADM1_EN": "Kepulauan Riau",
        "ADM1_PCODE": "ID21",
        "ADM0_EN": "Indonesia",
        "ADM0_PCODE": "ID"
      },
      "geometry": {
        "type": "Point",
        "coordinates": [
          104.19115330188684,
          1.600860849056604
        ]
      }
    },
    {
      "type": "Feature",
      "properties": {
        "confidence": 0.9944,
        "scene_id": "evt_1.4n_104.2e_20260524",
        "processed_at": "2026-05-26T13:25:14.378400",
        "status": "active",
        "disaster_type": null,
        "wilayah": null,
        "source": null,
        "ADM4_EN": "Sambau",
        "ADM4_PCODE": "ID2171050008",
        "ADM4_REF": null,
        "ADM4ALT1EN": null,
        "ADM4ALT2EN": null,
        "ADM3_EN": "Nongsa",
        "ADM3_PCODE": "ID2171050",
        "ADM2_EN": "Kota Batam",
        "ADM2_PCODE": "ID2171",
        "ADM1_EN": "Kepulauan Riau",
        "ADM1_PCODE": "ID21",
        "ADM0_EN": "Indonesia",
        "ADM0_PCODE": "ID"
      },
      "geometry": {
        "type": "Point",
        "coordinates": [
          104.22240330188684,
          1.600860849056604
        ]
      }
    },
    {
      "type": "Feature",
      "properties": {
        "confidence": 0.9933,
        "scene_id": "evt_1.4n_104.2e_20260524",
        "processed_at": "2026-05-26T13:25:14.378400",
        "status": "active",
        "disaster_type": null,
        "wilayah": null,
        "source": null,
        "ADM4_EN": "Sebong Lagoi",
        "ADM4_PCODE": "ID2102051002",
        "ADM4_REF": null,
        "ADM4ALT1EN": null,
        "ADM4ALT2EN": null,
        "ADM3_EN": "Teluk Sebong",
        "ADM3_PCODE": "ID2102051",
        "ADM2_EN": "Bintan",
        "ADM2_PCODE": "ID2102",
        "ADM1_EN": "Kepulauan Riau",
        "ADM1_PCODE": "ID21",
        "ADM0_EN": "Indonesia",
        "ADM0_PCODE": "ID"
      },
      "geometry": {
        "type": "Point",
        "coordinates": [
          104.25365330188684,
          1.600860849056604
        ]
      }
    },
    {
      "type": "Feature",
      "properties": {
        "confidence": 0.9107,
        "scene_id": "evt_1.4n_104.2e_20260524",
        "processed_at": "2026-05-26T13:25:14.378400",
        "status": "active",
        "disaster_type": null,
        "wilayah": null,
        "source": null,
        "ADM4_EN": "Sebong Lagoi",
        "ADM4_PCODE": "ID2102051002",
        "ADM4_REF": null,
        "ADM4ALT1EN": null,
        "ADM4ALT2EN": null,
        "ADM3_EN": "Teluk Sebong",
        "ADM3_PCODE": "ID2102051",
        "ADM2_EN": "Bintan",
        "ADM2_PCODE": "ID2102",
        "ADM1_EN": "Kepulauan Riau",
        "ADM1_PCODE": "ID21",
        "ADM0_EN": "Indonesia",
        "ADM0_PCODE": "ID"
      },
      "geometry": {
        "type": "Point",
        "coordinates": [
          104.28490330188684,
          1.600860849056604
        ]
      }
    },
    {
      "type": "Feature",
      "properties": {
        "confidence": 0.7942,
        "scene_id": "evt_1.4n_104.2e_20260524",
        "processed_at": "2026-05-26T13:25:14.378400",
        "status": "active",
        "disaster_type": null,
        "wilayah": null,
        "source": null,
        "ADM4_EN": "Sebong Lagoi",
        "ADM4_PCODE": "ID2102051002",
        "ADM4_REF": null,
        "ADM4ALT1EN": null,
        "ADM4ALT2EN": null,
        "ADM3_EN": "Teluk Sebong",
        "ADM3_PCODE": "ID2102051",
        "ADM2_EN": "Bintan",
        "ADM2_PCODE": "ID2102",
        "ADM1_EN": "Kepulauan Riau",
        "ADM1_PCODE": "ID21",
        "ADM0_EN": "Indonesia",
        "ADM0_PCODE": "ID"
      },
      "geometry": {
        "type": "Point",
        "coordinates": [
          104.31615330188684,
          1.600860849056604
        ]
      }
    },
    {
      "type": "Feature",
      "properties": {
        "confidence": 0.487,
        "scene_id": "evt_1.4n_104.2e_20260524",
        "processed_at": "2026-05-26T13:25:14.378400",
        "status": "active",
        "disaster_type": null,
        "wilayah": null,
        "source": null,
        "ADM4_EN": "Sebong Lagoi",
        "ADM4_PCODE": "ID2102051002",
        "ADM4_REF": null,
        "ADM4ALT1EN": null,
        "ADM4ALT2EN": null,
        "ADM3_EN": "Teluk Sebong",
        "ADM3_PCODE": "ID2102051",
        "ADM2_EN": "Bintan",
        "ADM2_PCODE": "ID2102",
        "ADM1_EN": "Kepulauan Riau",
        "ADM1_PCODE": "ID21",
        "ADM0_EN": "Indonesia",
        "ADM0_PCODE": "ID"
      },
      "geometry": {
        "type": "Point",
        "coordinates": [
          104.34740330188684,
          1.600860849056604
        ]
      }
    },
    {
      "type": "Feature",
      "properties": {
        "confidence": 0.8469,
        "scene_id": "evt_1.4n_104.2e_20260524",
        "processed_at": "2026-05-26T13:25:14.378400",
        "status": "active",
        "disaster_type": null,
        "wilayah": null,
        "source": null,
        "ADM4_EN": "Sebong Lagoi",
        "ADM4_PCODE": "ID2102051002",
        "ADM4_REF": null,
        "ADM4ALT1EN": null,
        "ADM4ALT2EN": null,
        "ADM3_EN": "Teluk Sebong",
        "ADM3_PCODE": "ID2102051",
        "ADM2_EN": "Bintan",
        "ADM2_PCODE": "ID2102",
        "ADM1_EN": "Kepulauan Riau",
        "ADM1_PCODE": "ID21",
        "ADM0_EN": "Indonesia",
        "ADM0_PCODE": "ID"
      },
      "geometry": {
        "type": "Point",
        "coordinates": [
          104.37865330188684,
          1.600860849056604
        ]
      }
    },
    {
      "type": "Feature",
      "properties": {
        "confidence": 0.3339,
        "scene_id": "evt_1.4n_104.2e_20260524",
        "processed_at": "2026-05-26T13:25:14.378400",
        "status": "active",
        "disaster_type": null,
        "wilayah": null,
        "source": null,
        "ADM4_EN": "Sebong Lagoi",
        "ADM4_PCODE": "ID2102051002",
        "ADM4_REF": null,
        "ADM4ALT1EN": null,
        "ADM4ALT2EN": null,
        "ADM3_EN": "Teluk Sebong",
        "ADM3_PCODE": "ID2102051",
        "ADM2_EN": "Bintan",
        "ADM2_PCODE": "ID2102",
        "ADM1_EN": "Kepulauan Riau",
        "ADM1_PCODE": "ID21",
        "ADM0_EN": "Indonesia",
        "ADM0_PCODE": "ID"
      },
      "geometry": {
        "type": "Point",
        "coordinates": [
          104.40990330188684,
          1.600860849056604
        ]
      }
    },
    {
      "type": "Feature",
      "properties": {
        "confidence": 0.5736,
        "scene_id": "evt_1.4n_104.2e_20260524",
        "processed_at": "2026-05-26T13:25:14.378400",
        "status": "active",
        "disaster_type": null,
        "wilayah": null,
        "source": null,
        "ADM4_EN": "Sambau",
        "ADM4_PCODE": "ID2171050008",
        "ADM4_REF": null,
        "ADM4ALT1EN": null,
        "ADM4ALT2EN": null,
        "ADM3_EN": "Nongsa",
        "ADM3_PCODE": "ID2171050",
        "ADM2_EN": "Kota Batam",
        "ADM2_PCODE": "ID2171",
        "ADM1_EN": "Kepulauan Riau",
        "ADM1_PCODE": "ID21",
        "ADM0_EN": "Indonesia",
        "ADM0_PCODE": "ID"
      },
      "geometry": {
        "type": "Point",
        "coordinates": [
          104.09740330188684,
          1.569610849056604
        ]
      }
    },
    {
      "type": "Feature",
      "properties": {
        "confidence": 0.9998,
        "scene_id": "evt_1.4n_104.2e_20260524",
        "processed_at": "2026-05-26T13:25:14.378400",
        "status": "active",
        "disaster_type": null,
        "wilayah": null,
        "source": null,
        "ADM4_EN": "Sambau",
        "ADM4_PCODE": "ID2171050008",
        "ADM4_REF": null,
        "ADM4ALT1EN": null,
        "ADM4ALT2EN": null,
        "ADM3_EN": "Nongsa",
        "ADM3_PCODE": "ID2171050",
        "ADM2_EN": "Kota Batam",
        "ADM2_PCODE": "ID2171",
        "ADM1_EN": "Kepulauan Riau",
        "ADM1_PCODE": "ID21",
        "ADM0_EN": "Indonesia",
        "ADM0_PCODE": "ID"
      },
      "geometry": {
        "type": "Point",
        "coordinates": [
          104.12865330188684,
          1.569610849056604
        ]
      }
    },
    {
      "type": "Feature",
      "properties": {
        "confidence": 0.9995,
        "scene_id": "evt_1.4n_104.2e_20260524",
        "processed_at": "2026-05-26T13:25:14.378400",
        "status": "active",
        "disaster_type": null,
        "wilayah": null,
        "source": null,
        "ADM4_EN": "Sambau",
        "ADM4_PCODE": "ID2171050008",
        "ADM4_REF": null,
        "ADM4ALT1EN": null,
        "ADM4ALT2EN": null,
        "ADM3_EN": "Nongsa",
        "ADM3_PCODE": "ID2171050",
        "ADM2_EN": "Kota Batam",
        "ADM2_PCODE": "ID2171",
        "ADM1_EN": "Kepulauan Riau",
        "ADM1_PCODE": "ID21",
        "ADM0_EN": "Indonesia",
        "ADM0_PCODE": "ID"
      },
      "geometry": {
        "type": "Point",
        "coordinates": [
          104.15990330188684,
          1.569610849056604
        ]
      }
    },
    {
      "type": "Feature",
      "properties": {
        "confidence": 0.9987,
        "scene_id": "evt_1.4n_104.2e_20260524",
        "processed_at": "2026-05-26T13:25:14.378400",
        "status": "active",
        "disaster_type": null,
        "wilayah": null,
        "source": null,
        "ADM4_EN": "Sambau",
        "ADM4_PCODE": "ID2171050008",
        "ADM4_REF": null,
        "ADM4ALT1EN": null,
        "ADM4ALT2EN": null,
        "ADM3_EN": "Nongsa",
        "ADM3_PCODE": "ID2171050",
        "ADM2_EN": "Kota Batam",
        "ADM2_PCODE": "ID2171",
        "ADM1_EN": "Kepulauan Riau",
        "ADM1_PCODE": "ID21",
        "ADM0_EN": "Indonesia",
        "ADM0_PCODE": "ID"
      },
      "geometry": {
        "type": "Point",
        "coordinates": [
          104.19115330188684,
          1.569610849056604
        ]
      }
    },
    {
      "type": "Feature",
      "properties": {
        "confidence": 0.9935,
        "scene_id": "evt_1.4n_104.2e_20260524",
        "processed_at": "2026-05-26T13:25:14.378400",
        "status": "active",
        "disaster_type": null,
        "wilayah": null,
        "source": null,
        "ADM4_EN": "Sambau",
        "ADM4_PCODE": "ID2171050008",
        "ADM4_REF": null,
        "ADM4ALT1EN": null,
        "ADM4ALT2EN": null,
        "ADM3_EN": "Nongsa",
        "ADM3_PCODE": "ID2171050",
        "ADM2_EN": "Kota Batam",
        "ADM2_PCODE": "ID2171",
        "ADM1_EN": "Kepulauan Riau",
        "ADM1_PCODE": "ID21",
        "ADM0_EN": "Indonesia",
        "ADM0_PCODE": "ID"
      },
      "geometry": {
        "type": "Point",
        "coordinates": [
          104.22240330188684,
          1.569610849056604
        ]
      }
    },
    {
      "type": "Feature",
      "properties": {
        "confidence": 0.9582,
        "scene_id": "evt_1.4n_104.2e_20260524",
        "processed_at": "2026-05-26T13:25:14.378400",
        "status": "active",
        "disaster_type": null,
        "wilayah": null,
        "source": null,
        "ADM4_EN": "Sebong Lagoi",
        "ADM4_PCODE": "ID2102051002",
        "ADM4_REF": null,
        "ADM4ALT1EN": null,
        "ADM4ALT2EN": null,
        "ADM3_EN": "Teluk Sebong",
        "ADM3_PCODE": "ID2102051",
        "ADM2_EN": "Bintan",
        "ADM2_PCODE": "ID2102",
        "ADM1_EN": "Kepulauan Riau",
        "ADM1_PCODE": "ID21",
        "ADM0_EN": "Indonesia",
        "ADM0_PCODE": "ID"
      },
      "geometry": {
        "type": "Point",
        "coordinates": [
          104.25365330188684,
          1.569610849056604
        ]
      }
    },
    {
      "type": "Feature",
      "properties": {
        "confidence": 0.9814,
        "scene_id": "evt_1.4n_104.2e_20260524",
        "processed_at": "2026-05-26T13:25:14.378400",
        "status": "active",
        "disaster_type": null,
        "wilayah": null,
        "source": null,
        "ADM4_EN": "Sebong Lagoi",
        "ADM4_PCODE": "ID2102051002",
        "ADM4_REF": null,
        "ADM4ALT1EN": null,
        "ADM4ALT2EN": null,
        "ADM3_EN": "Teluk Sebong",
        "ADM3_PCODE": "ID2102051",
        "ADM2_EN": "Bintan",
        "ADM2_PCODE": "ID2102",
        "ADM1_EN": "Kepulauan Riau",
        "ADM1_PCODE": "ID21",
        "ADM0_EN": "Indonesia",
        "ADM0_PCODE": "ID"
      },
      "geometry": {
        "type": "Point",
        "coordinates": [
          104.28490330188684,
          1.569610849056604
        ]
      }
    },
    {
      "type": "Feature",
      "properties": {
        "confidence": 0.7138,
        "scene_id": "evt_1.4n_104.2e_20260524",
        "processed_at": "2026-05-26T13:25:14.378400",
        "status": "active",
        "disaster_type": null,
        "wilayah": null,
        "source": null,
        "ADM4_EN": "Sebong Lagoi",
        "ADM4_PCODE": "ID2102051002",
        "ADM4_REF": null,
        "ADM4ALT1EN": null,
        "ADM4ALT2EN": null,
        "ADM3_EN": "Teluk Sebong",
        "ADM3_PCODE": "ID2102051",
        "ADM2_EN": "Bintan",
        "ADM2_PCODE": "ID2102",
        "ADM1_EN": "Kepulauan Riau",
        "ADM1_PCODE": "ID21",
        "ADM0_EN": "Indonesia",
        "ADM0_PCODE": "ID"
      },
      "geometry": {
        "type": "Point",
        "coordinates": [
          104.31615330188684,
          1.569610849056604
        ]
      }
    },
    {
      "type": "Feature",
      "properties": {
        "confidence": 0.3143,
        "scene_id": "evt_1.4n_104.2e_20260524",
        "processed_at": "2026-05-26T13:25:14.378400",
        "status": "active",
        "disaster_type": null,
        "wilayah": null,
        "source": null,
        "ADM4_EN": "Sebong Lagoi",
        "ADM4_PCODE": "ID2102051002",
        "ADM4_REF": null,
        "ADM4ALT1EN": null,
        "ADM4ALT2EN": null,
        "ADM3_EN": "Teluk Sebong",
        "ADM3_PCODE": "ID2102051",
        "ADM2_EN": "Bintan",
        "ADM2_PCODE": "ID2102",
        "ADM1_EN": "Kepulauan Riau",
        "ADM1_PCODE": "ID21",
        "ADM0_EN": "Indonesia",
        "ADM0_PCODE": "ID"
      },
      "geometry": {
        "type": "Point",
        "coordinates": [
          104.34740330188684,
          1.569610849056604
        ]
      }
    },
    {
      "type": "Feature",
      "properties": {
        "confidence": 0.6242,
        "scene_id": "evt_1.4n_104.2e_20260524",
        "processed_at": "2026-05-26T13:25:14.378400",
        "status": "active",
        "disaster_type": null,
        "wilayah": null,
        "source": null,
        "ADM4_EN": "Sebong Lagoi",
        "ADM4_PCODE": "ID2102051002",
        "ADM4_REF": null,
        "ADM4ALT1EN": null,
        "ADM4ALT2EN": null,
        "ADM3_EN": "Teluk Sebong",
        "ADM3_PCODE": "ID2102051",
        "ADM2_EN": "Bintan",
        "ADM2_PCODE": "ID2102",
        "ADM1_EN": "Kepulauan Riau",
        "ADM1_PCODE": "ID21",
        "ADM0_EN": "Indonesia",
        "ADM0_PCODE": "ID"
      },
      "geometry": {
        "type": "Point",
        "coordinates": [
          104.37865330188684,
          1.569610849056604
        ]
      }
    },
    {
      "type": "Feature",
      "properties": {
        "confidence": 0.5923,
        "scene_id": "evt_1.4n_104.2e_20260524",
        "processed_at": "2026-05-26T13:25:14.378400",
        "status": "active",
        "disaster_type": null,
        "wilayah": null,
        "source": null,
        "ADM4_EN": "Sambau",
        "ADM4_PCODE": "ID2171050008",
        "ADM4_REF": null,
        "ADM4ALT1EN": null,
        "ADM4ALT2EN": null,
        "ADM3_EN": "Nongsa",
        "ADM3_PCODE": "ID2171050",
        "ADM2_EN": "Kota Batam",
        "ADM2_PCODE": "ID2171",
        "ADM1_EN": "Kepulauan Riau",
        "ADM1_PCODE": "ID21",
        "ADM0_EN": "Indonesia",
        "ADM0_PCODE": "ID"
      },
      "geometry": {
        "type": "Point",
        "coordinates": [
          104.09740330188684,
          1.538360849056604
        ]
      }
    },
    {
      "type": "Feature",
      "properties": {
        "confidence": 0.9991,
        "scene_id": "evt_1.4n_104.2e_20260524",
        "processed_at": "2026-05-26T13:25:14.378400",
        "status": "active",
        "disaster_type": null,
        "wilayah": null,
        "source": null,
        "ADM4_EN": "Sambau",
        "ADM4_PCODE": "ID2171050008",
        "ADM4_REF": null,
        "ADM4ALT1EN": null,
        "ADM4ALT2EN": null,
        "ADM3_EN": "Nongsa",
        "ADM3_PCODE": "ID2171050",
        "ADM2_EN": "Kota Batam",
        "ADM2_PCODE": "ID2171",
        "ADM1_EN": "Kepulauan Riau",
        "ADM1_PCODE": "ID21",
        "ADM0_EN": "Indonesia",
        "ADM0_PCODE": "ID"
      },
      "geometry": {
        "type": "Point",
        "coordinates": [
          104.12865330188684,
          1.538360849056604
        ]
      }
    },
    {
      "type": "Feature",
      "properties": {
        "confidence": 0.9993,
        "scene_id": "evt_1.4n_104.2e_20260524",
        "processed_at": "2026-05-26T13:25:14.378400",
        "status": "active",
        "disaster_type": null,
        "wilayah": null,
        "source": null,
        "ADM4_EN": "Sambau",
        "ADM4_PCODE": "ID2171050008",
        "ADM4_REF": null,
        "ADM4ALT1EN": null,
        "ADM4ALT2EN": null,
        "ADM3_EN": "Nongsa",
        "ADM3_PCODE": "ID2171050",
        "ADM2_EN": "Kota Batam",
        "ADM2_PCODE": "ID2171",
        "ADM1_EN": "Kepulauan Riau",
        "ADM1_PCODE": "ID21",
        "ADM0_EN": "Indonesia",
        "ADM0_PCODE": "ID"
      },
      "geometry": {
        "type": "Point",
        "coordinates": [
          104.15990330188684,
          1.538360849056604
        ]
      }
    },
    {
      "type": "Feature",
      "properties": {
        "confidence": 0.9973,
        "scene_id": "evt_1.4n_104.2e_20260524",
        "processed_at": "2026-05-26T13:25:14.378400",
        "status": "active",
        "disaster_type": null,
        "wilayah": null,
        "source": null,
        "ADM4_EN": "Sambau",
        "ADM4_PCODE": "ID2171050008",
        "ADM4_REF": null,
        "ADM4ALT1EN": null,
        "ADM4ALT2EN": null,
        "ADM3_EN": "Nongsa",
        "ADM3_PCODE": "ID2171050",
        "ADM2_EN": "Kota Batam",
        "ADM2_PCODE": "ID2171",
        "ADM1_EN": "Kepulauan Riau",
        "ADM1_PCODE": "ID21",
        "ADM0_EN": "Indonesia",
        "ADM0_PCODE": "ID"
      },
      "geometry": {
        "type": "Point",
        "coordinates": [
          104.19115330188684,
          1.538360849056604
        ]
      }
    },
    {
      "type": "Feature",
      "properties": {
        "confidence": 0.9871,
        "scene_id": "evt_1.4n_104.2e_20260524",
        "processed_at": "2026-05-26T13:25:14.378400",
        "status": "active",
        "disaster_type": null,
        "wilayah": null,
        "source": null,
        "ADM4_EN": "Sambau",
        "ADM4_PCODE": "ID2171050008",
        "ADM4_REF": null,
        "ADM4ALT1EN": null,
        "ADM4ALT2EN": null,
        "ADM3_EN": "Nongsa",
        "ADM3_PCODE": "ID2171050",
        "ADM2_EN": "Kota Batam",
        "ADM2_PCODE": "ID2171",
        "ADM1_EN": "Kepulauan Riau",
        "ADM1_PCODE": "ID21",
        "ADM0_EN": "Indonesia",
        "ADM0_PCODE": "ID"
      },
      "geometry": {
        "type": "Point",
        "coordinates": [
          104.22240330188684,
          1.538360849056604
        ]
      }
    },
    {
      "type": "Feature",
      "properties": {
        "confidence": 0.6615,
        "scene_id": "evt_1.4n_104.2e_20260524",
        "processed_at": "2026-05-26T13:25:14.378400",
        "status": "active",
        "disaster_type": null,
        "wilayah": null,
        "source": null,
        "ADM4_EN": "Sebong Lagoi",
        "ADM4_PCODE": "ID2102051002",
        "ADM4_REF": null,
        "ADM4ALT1EN": null,
        "ADM4ALT2EN": null,
        "ADM3_EN": "Teluk Sebong",
        "ADM3_PCODE": "ID2102051",
        "ADM2_EN": "Bintan",
        "ADM2_PCODE": "ID2102",
        "ADM1_EN": "Kepulauan Riau",
        "ADM1_PCODE": "ID21",
        "ADM0_EN": "Indonesia",
        "ADM0_PCODE": "ID"
      },
      "geometry": {
        "type": "Point",
        "coordinates": [
          104.25365330188684,
          1.538360849056604
        ]
      }
    },
    {
      "type": "Feature",
      "properties": {
        "confidence": 0.3648,
        "scene_id": "evt_1.4n_104.2e_20260524",
        "processed_at": "2026-05-26T13:25:14.378400",
        "status": "active",
        "disaster_type": null,
        "wilayah": null,
        "source": null,
        "ADM4_EN": "Sebong Lagoi",
        "ADM4_PCODE": "ID2102051002",
        "ADM4_REF": null,
        "ADM4ALT1EN": null,
        "ADM4ALT2EN": null,
        "ADM3_EN": "Teluk Sebong",
        "ADM3_PCODE": "ID2102051",
        "ADM2_EN": "Bintan",
        "ADM2_PCODE": "ID2102",
        "ADM1_EN": "Kepulauan Riau",
        "ADM1_PCODE": "ID21",
        "ADM0_EN": "Indonesia",
        "ADM0_PCODE": "ID"
      },
      "geometry": {
        "type": "Point",
        "coordinates": [
          104.28490330188684,
          1.538360849056604
        ]
      }
    },
    {
      "type": "Feature",
      "properties": {
        "confidence": 0.5115,
        "scene_id": "evt_1.4n_104.2e_20260524",
        "processed_at": "2026-05-26T13:25:14.378400",
        "status": "active",
        "disaster_type": null,
        "wilayah": null,
        "source": null,
        "ADM4_EN": "Sambau",
        "ADM4_PCODE": "ID2171050008",
        "ADM4_REF": null,
        "ADM4ALT1EN": null,
        "ADM4ALT2EN": null,
        "ADM3_EN": "Nongsa",
        "ADM3_PCODE": "ID2171050",
        "ADM2_EN": "Kota Batam",
        "ADM2_PCODE": "ID2171",
        "ADM1_EN": "Kepulauan Riau",
        "ADM1_PCODE": "ID21",
        "ADM0_EN": "Indonesia",
        "ADM0_PCODE": "ID"
      },
      "geometry": {
        "type": "Point",
        "coordinates": [
          104.09740330188684,
          1.507110849056604
        ]
      }
    },
    {
      "type": "Feature",
      "properties": {
        "confidence": 0.9532,
        "scene_id": "evt_1.4n_104.2e_20260524",
        "processed_at": "2026-05-26T13:25:14.378400",
        "status": "active",
        "disaster_type": null,
        "wilayah": null,
        "source": null,
        "ADM4_EN": "Sambau",
        "ADM4_PCODE": "ID2171050008",
        "ADM4_REF": null,
        "ADM4ALT1EN": null,
        "ADM4ALT2EN": null,
        "ADM3_EN": "Nongsa",
        "ADM3_PCODE": "ID2171050",
        "ADM2_EN": "Kota Batam",
        "ADM2_PCODE": "ID2171",
        "ADM1_EN": "Kepulauan Riau",
        "ADM1_PCODE": "ID21",
        "ADM0_EN": "Indonesia",
        "ADM0_PCODE": "ID"
      },
      "geometry": {
        "type": "Point",
        "coordinates": [
          104.12865330188684,
          1.507110849056604
        ]
      }
    },
    {
      "type": "Feature",
      "properties": {
        "confidence": 0.9968,
        "scene_id": "evt_1.4n_104.2e_20260524",
        "processed_at": "2026-05-26T13:25:14.378400",
        "status": "active",
        "disaster_type": null,
        "wilayah": null,
        "source": null,
        "ADM4_EN": "Sambau",
        "ADM4_PCODE": "ID2171050008",
        "ADM4_REF": null,
        "ADM4ALT1EN": null,
        "ADM4ALT2EN": null,
        "ADM3_EN": "Nongsa",
        "ADM3_PCODE": "ID2171050",
        "ADM2_EN": "Kota Batam",
        "ADM2_PCODE": "ID2171",
        "ADM1_EN": "Kepulauan Riau",
        "ADM1_PCODE": "ID21",
        "ADM0_EN": "Indonesia",
        "ADM0_PCODE": "ID"
      },
      "geometry": {
        "type": "Point",
        "coordinates": [
          104.15990330188684,
          1.507110849056604
        ]
      }
    },
    {
      "type": "Feature",
      "properties": {
        "confidence": 0.9443,
        "scene_id": "evt_1.4n_104.2e_20260524",
        "processed_at": "2026-05-26T13:25:14.378400",
        "status": "active",
        "disaster_type": null,
        "wilayah": null,
        "source": null,
        "ADM4_EN": "Sambau",
        "ADM4_PCODE": "ID2171050008",
        "ADM4_REF": null,
        "ADM4ALT1EN": null,
        "ADM4ALT2EN": null,
        "ADM3_EN": "Nongsa",
        "ADM3_PCODE": "ID2171050",
        "ADM2_EN": "Kota Batam",
        "ADM2_PCODE": "ID2171",
        "ADM1_EN": "Kepulauan Riau",
        "ADM1_PCODE": "ID21",
        "ADM0_EN": "Indonesia",
        "ADM0_PCODE": "ID"
      },
      "geometry": {
        "type": "Point",
        "coordinates": [
          104.19115330188684,
          1.507110849056604
        ]
      }
    },
    {
      "type": "Feature",
      "properties": {
        "confidence": 0.6927,
        "scene_id": "evt_1.4n_104.2e_20260524",
        "processed_at": "2026-05-26T13:25:14.378400",
        "status": "active",
        "disaster_type": null,
        "wilayah": null,
        "source": null,
        "ADM4_EN": "Sambau",
        "ADM4_PCODE": "ID2171050008",
        "ADM4_REF": null,
        "ADM4ALT1EN": null,
        "ADM4ALT2EN": null,
        "ADM3_EN": "Nongsa",
        "ADM3_PCODE": "ID2171050",
        "ADM2_EN": "Kota Batam",
        "ADM2_PCODE": "ID2171",
        "ADM1_EN": "Kepulauan Riau",
        "ADM1_PCODE": "ID21",
        "ADM0_EN": "Indonesia",
        "ADM0_PCODE": "ID"
      },
      "geometry": {
        "type": "Point",
        "coordinates": [
          104.22240330188684,
          1.507110849056604
        ]
      }
    },
    {
      "type": "Feature",
      "properties": {
        "confidence": 0.5065,
        "scene_id": "evt_1.4n_104.2e_20260524",
        "processed_at": "2026-05-26T13:25:14.378400",
        "status": "active",
        "disaster_type": null,
        "wilayah": null,
        "source": null,
        "ADM4_EN": "Sebong Lagoi",
        "ADM4_PCODE": "ID2102051002",
        "ADM4_REF": null,
        "ADM4ALT1EN": null,
        "ADM4ALT2EN": null,
        "ADM3_EN": "Teluk Sebong",
        "ADM3_PCODE": "ID2102051",
        "ADM2_EN": "Bintan",
        "ADM2_PCODE": "ID2102",
        "ADM1_EN": "Kepulauan Riau",
        "ADM1_PCODE": "ID21",
        "ADM0_EN": "Indonesia",
        "ADM0_PCODE": "ID"
      },
      "geometry": {
        "type": "Point",
        "coordinates": [
          104.25365330188684,
          1.507110849056604
        ]
      }
    },
    {
      "type": "Feature",
      "properties": {
        "confidence": 0.2593,
        "scene_id": "evt_1.4n_104.2e_20260524",
        "processed_at": "2026-05-26T13:25:14.378400",
        "status": "active",
        "disaster_type": null,
        "wilayah": null,
        "source": null,
        "ADM4_EN": "Sebong Lagoi",
        "ADM4_PCODE": "ID2102051002",
        "ADM4_REF": null,
        "ADM4ALT1EN": null,
        "ADM4ALT2EN": null,
        "ADM3_EN": "Teluk Sebong",
        "ADM3_PCODE": "ID2102051",
        "ADM2_EN": "Bintan",
        "ADM2_PCODE": "ID2102",
        "ADM1_EN": "Kepulauan Riau",
        "ADM1_PCODE": "ID21",
        "ADM0_EN": "Indonesia",
        "ADM0_PCODE": "ID"
      },
      "geometry": {
        "type": "Point",
        "coordinates": [
          104.28490330188684,
          1.507110849056604
        ]
      }
    },
    {
      "type": "Feature",
      "properties": {
        "confidence": 0.3017,
        "scene_id": "evt_1.4n_104.2e_20260524",
        "processed_at": "2026-05-26T13:25:14.378400",
        "status": "active",
        "disaster_type": null,
        "wilayah": null,
        "source": null,
        "ADM4_EN": "Sambau",
        "ADM4_PCODE": "ID2171050008",
        "ADM4_REF": null,
        "ADM4ALT1EN": null,
        "ADM4ALT2EN": null,
        "ADM3_EN": "Nongsa",
        "ADM3_PCODE": "ID2171050",
        "ADM2_EN": "Kota Batam",
        "ADM2_PCODE": "ID2171",
        "ADM1_EN": "Kepulauan Riau",
        "ADM1_PCODE": "ID21",
        "ADM0_EN": "Indonesia",
        "ADM0_PCODE": "ID"
      },
      "geometry": {
        "type": "Point",
        "coordinates": [
          104.09740330188684,
          1.475860849056604
        ]
      }
    },
    {
      "type": "Feature",
      "properties": {
        "confidence": 0.4304,
        "scene_id": "evt_1.4n_104.2e_20260524",
        "processed_at": "2026-05-26T13:25:14.378400",
        "status": "active",
        "disaster_type": null,
        "wilayah": null,
        "source": null,
        "ADM4_EN": "Sambau",
        "ADM4_PCODE": "ID2171050008",
        "ADM4_REF": null,
        "ADM4ALT1EN": null,
        "ADM4ALT2EN": null,
        "ADM3_EN": "Nongsa",
        "ADM3_PCODE": "ID2171050",
        "ADM2_EN": "Kota Batam",
        "ADM2_PCODE": "ID2171",
        "ADM1_EN": "Kepulauan Riau",
        "ADM1_PCODE": "ID21",
        "ADM0_EN": "Indonesia",
        "ADM0_PCODE": "ID"
      },
      "geometry": {
        "type": "Point",
        "coordinates": [
          104.12865330188684,
          1.475860849056604
        ]
      }
    },
    {
      "type": "Feature",
      "properties": {
        "confidence": 0.5173,
        "scene_id": "evt_1.4n_104.2e_20260524",
        "processed_at": "2026-05-26T13:25:14.378400",
        "status": "active",
        "disaster_type": null,
        "wilayah": null,
        "source": null,
        "ADM4_EN": "Sambau",
        "ADM4_PCODE": "ID2171050008",
        "ADM4_REF": null,
        "ADM4ALT1EN": null,
        "ADM4ALT2EN": null,
        "ADM3_EN": "Nongsa",
        "ADM3_PCODE": "ID2171050",
        "ADM2_EN": "Kota Batam",
        "ADM2_PCODE": "ID2171",
        "ADM1_EN": "Kepulauan Riau",
        "ADM1_PCODE": "ID21",
        "ADM0_EN": "Indonesia",
        "ADM0_PCODE": "ID"
      },
      "geometry": {
        "type": "Point",
        "coordinates": [
          104.15990330188684,
          1.475860849056604
        ]
      }
    },
    {
      "type": "Feature",
      "properties": {
        "confidence": 0.7845,
        "scene_id": "evt_1.4n_104.2e_20260524",
        "processed_at": "2026-05-26T13:25:14.378400",
        "status": "active",
        "disaster_type": null,
        "wilayah": null,
        "source": null,
        "ADM4_EN": "Sambau",
        "ADM4_PCODE": "ID2171050008",
        "ADM4_REF": null,
        "ADM4ALT1EN": null,
        "ADM4ALT2EN": null,
        "ADM3_EN": "Nongsa",
        "ADM3_PCODE": "ID2171050",
        "ADM2_EN": "Kota Batam",
        "ADM2_PCODE": "ID2171",
        "ADM1_EN": "Kepulauan Riau",
        "ADM1_PCODE": "ID21",
        "ADM0_EN": "Indonesia",
        "ADM0_PCODE": "ID"
      },
      "geometry": {
        "type": "Point",
        "coordinates": [
          104.19115330188684,
          1.475860849056604
        ]
      }
    },
    {
      "type": "Feature",
      "properties": {
        "confidence": 0.8518,
        "scene_id": "evt_1.4n_104.2e_20260524",
        "processed_at": "2026-05-26T13:25:14.378400",
        "status": "active",
        "disaster_type": null,
        "wilayah": null,
        "source": null,
        "ADM4_EN": "Sambau",
        "ADM4_PCODE": "ID2171050008",
        "ADM4_REF": null,
        "ADM4ALT1EN": null,
        "ADM4ALT2EN": null,
        "ADM3_EN": "Nongsa",
        "ADM3_PCODE": "ID2171050",
        "ADM2_EN": "Kota Batam",
        "ADM2_PCODE": "ID2171",
        "ADM1_EN": "Kepulauan Riau",
        "ADM1_PCODE": "ID21",
        "ADM0_EN": "Indonesia",
        "ADM0_PCODE": "ID"
      },
      "geometry": {
        "type": "Point",
        "coordinates": [
          104.22240330188684,
          1.475860849056604
        ]
      }
    },
    {
      "type": "Feature",
      "properties": {
        "confidence": 0.525,
        "scene_id": "evt_1.4n_104.2e_20260524",
        "processed_at": "2026-05-26T13:25:14.378400",
        "status": "active",
        "disaster_type": null,
        "wilayah": null,
        "source": null,
        "ADM4_EN": "Sebong Lagoi",
        "ADM4_PCODE": "ID2102051002",
        "ADM4_REF": null,
        "ADM4ALT1EN": null,
        "ADM4ALT2EN": null,
        "ADM3_EN": "Teluk Sebong",
        "ADM3_PCODE": "ID2102051",
        "ADM2_EN": "Bintan",
        "ADM2_PCODE": "ID2102",
        "ADM1_EN": "Kepulauan Riau",
        "ADM1_PCODE": "ID21",
        "ADM0_EN": "Indonesia",
        "ADM0_PCODE": "ID"
      },
      "geometry": {
        "type": "Point",
        "coordinates": [
          104.25365330188684,
          1.475860849056604
        ]
      }
    },
    {
      "type": "Feature",
      "properties": {
        "confidence": 0.27,
        "scene_id": "evt_1.4n_104.2e_20260524",
        "processed_at": "2026-05-26T13:25:14.378400",
        "status": "active",
        "disaster_type": null,
        "wilayah": null,
        "source": null,
        "ADM4_EN": "Sebong Lagoi",
        "ADM4_PCODE": "ID2102051002",
        "ADM4_REF": null,
        "ADM4ALT1EN": null,
        "ADM4ALT2EN": null,
        "ADM3_EN": "Teluk Sebong",
        "ADM3_PCODE": "ID2102051",
        "ADM2_EN": "Bintan",
        "ADM2_PCODE": "ID2102",
        "ADM1_EN": "Kepulauan Riau",
        "ADM1_PCODE": "ID21",
        "ADM0_EN": "Indonesia",
        "ADM0_PCODE": "ID"
      },
      "geometry": {
        "type": "Point",
        "coordinates": [
          104.28490330188684,
          1.475860849056604
        ]
      }
    },
    {
      "type": "Feature",
      "properties": {
        "confidence": 0.3926,
        "scene_id": "evt_1.4n_104.2e_20260524",
        "processed_at": "2026-05-26T13:25:14.378400",
        "status": "active",
        "disaster_type": null,
        "wilayah": null,
        "source": null,
        "ADM4_EN": "Sambau",
        "ADM4_PCODE": "ID2171050008",
        "ADM4_REF": null,
        "ADM4ALT1EN": null,
        "ADM4ALT2EN": null,
        "ADM3_EN": "Nongsa",
        "ADM3_PCODE": "ID2171050",
        "ADM2_EN": "Kota Batam",
        "ADM2_PCODE": "ID2171",
        "ADM1_EN": "Kepulauan Riau",
        "ADM1_PCODE": "ID21",
        "ADM0_EN": "Indonesia",
        "ADM0_PCODE": "ID"
      },
      "geometry": {
        "type": "Point",
        "coordinates": [
          104.09740330188684,
          1.444610849056604
        ]
      }
    },
    {
      "type": "Feature",
      "properties": {
        "confidence": 0.7283,
        "scene_id": "evt_1.4n_104.2e_20260524",
        "processed_at": "2026-05-26T13:25:14.378400",
        "status": "active",
        "disaster_type": null,
        "wilayah": null,
        "source": null,
        "ADM4_EN": "Sambau",
        "ADM4_PCODE": "ID2171050008",
        "ADM4_REF": null,
        "ADM4ALT1EN": null,
        "ADM4ALT2EN": null,
        "ADM3_EN": "Nongsa",
        "ADM3_PCODE": "ID2171050",
        "ADM2_EN": "Kota Batam",
        "ADM2_PCODE": "ID2171",
        "ADM1_EN": "Kepulauan Riau",
        "ADM1_PCODE": "ID21",
        "ADM0_EN": "Indonesia",
        "ADM0_PCODE": "ID"
      },
      "geometry": {
        "type": "Point",
        "coordinates": [
          104.12865330188684,
          1.444610849056604
        ]
      }
    },
    {
      "type": "Feature",
      "properties": {
        "confidence": 0.8737,
        "scene_id": "evt_1.4n_104.2e_20260524",
        "processed_at": "2026-05-26T13:25:14.378400",
        "status": "active",
        "disaster_type": null,
        "wilayah": null,
        "source": null,
        "ADM4_EN": "Sambau",
        "ADM4_PCODE": "ID2171050008",
        "ADM4_REF": null,
        "ADM4ALT1EN": null,
        "ADM4ALT2EN": null,
        "ADM3_EN": "Nongsa",
        "ADM3_PCODE": "ID2171050",
        "ADM2_EN": "Kota Batam",
        "ADM2_PCODE": "ID2171",
        "ADM1_EN": "Kepulauan Riau",
        "ADM1_PCODE": "ID21",
        "ADM0_EN": "Indonesia",
        "ADM0_PCODE": "ID"
      },
      "geometry": {
        "type": "Point",
        "coordinates": [
          104.15990330188684,
          1.444610849056604
        ]
      }
    },
    {
      "type": "Feature",
      "properties": {
        "confidence": 0.9168,
        "scene_id": "evt_1.4n_104.2e_20260524",
        "processed_at": "2026-05-26T13:25:14.378400",
        "status": "active",
        "disaster_type": null,
        "wilayah": null,
        "source": null,
        "ADM4_EN": "Sambau",
        "ADM4_PCODE": "ID2171050008",
        "ADM4_REF": null,
        "ADM4ALT1EN": null,
        "ADM4ALT2EN": null,
        "ADM3_EN": "Nongsa",
        "ADM3_PCODE": "ID2171050",
        "ADM2_EN": "Kota Batam",
        "ADM2_PCODE": "ID2171",
        "ADM1_EN": "Kepulauan Riau",
        "ADM1_PCODE": "ID21",
        "ADM0_EN": "Indonesia",
        "ADM0_PCODE": "ID"
      },
      "geometry": {
        "type": "Point",
        "coordinates": [
          104.19115330188684,
          1.444610849056604
        ]
      }
    },
    {
      "type": "Feature",
      "properties": {
        "confidence": 0.5602,
        "scene_id": "evt_1.4n_104.2e_20260524",
        "processed_at": "2026-05-26T13:25:14.378400",
        "status": "active",
        "disaster_type": null,
        "wilayah": null,
        "source": null,
        "ADM4_EN": "Sambau",
        "ADM4_PCODE": "ID2171050008",
        "ADM4_REF": null,
        "ADM4ALT1EN": null,
        "ADM4ALT2EN": null,
        "ADM3_EN": "Nongsa",
        "ADM3_PCODE": "ID2171050",
        "ADM2_EN": "Kota Batam",
        "ADM2_PCODE": "ID2171",
        "ADM1_EN": "Kepulauan Riau",
        "ADM1_PCODE": "ID21",
        "ADM0_EN": "Indonesia",
        "ADM0_PCODE": "ID"
      },
      "geometry": {
        "type": "Point",
        "coordinates": [
          104.22240330188684,
          1.444610849056604
        ]
      }
    },
    {
      "type": "Feature",
      "properties": {
        "confidence": 0.5537,
        "scene_id": "evt_1.4n_104.2e_20260524",
        "processed_at": "2026-05-26T13:25:14.378400",
        "status": "active",
        "disaster_type": null,
        "wilayah": null,
        "source": null,
        "ADM4_EN": "Sebong Lagoi",
        "ADM4_PCODE": "ID2102051002",
        "ADM4_REF": null,
        "ADM4ALT1EN": null,
        "ADM4ALT2EN": null,
        "ADM3_EN": "Teluk Sebong",
        "ADM3_PCODE": "ID2102051",
        "ADM2_EN": "Bintan",
        "ADM2_PCODE": "ID2102",
        "ADM1_EN": "Kepulauan Riau",
        "ADM1_PCODE": "ID21",
        "ADM0_EN": "Indonesia",
        "ADM0_PCODE": "ID"
      },
      "geometry": {
        "type": "Point",
        "coordinates": [
          104.25365330188684,
          1.444610849056604
        ]
      }
    },
    {
      "type": "Feature",
      "properties": {
        "confidence": 0.7036,
        "scene_id": "evt_1.4n_104.2e_20260524",
        "processed_at": "2026-05-26T13:25:14.378400",
        "status": "active",
        "disaster_type": null,
        "wilayah": null,
        "source": null,
        "ADM4_EN": "Sebong Lagoi",
        "ADM4_PCODE": "ID2102051002",
        "ADM4_REF": null,
        "ADM4ALT1EN": null,
        "ADM4ALT2EN": null,
        "ADM3_EN": "Teluk Sebong",
        "ADM3_PCODE": "ID2102051",
        "ADM2_EN": "Bintan",
        "ADM2_PCODE": "ID2102",
        "ADM1_EN": "Kepulauan Riau",
        "ADM1_PCODE": "ID21",
        "ADM0_EN": "Indonesia",
        "ADM0_PCODE": "ID"
      },
      "geometry": {
        "type": "Point",
        "coordinates": [
          104.28490330188684,
          1.444610849056604
        ]
      }
    },
    {
      "type": "Feature",
      "properties": {
        "confidence": 0.2315,
        "scene_id": "evt_1.4n_104.2e_20260524",
        "processed_at": "2026-05-26T13:25:14.378400",
        "status": "active",
        "disaster_type": null,
        "wilayah": null,
        "source": null,
        "ADM4_EN": "Sambau",
        "ADM4_PCODE": "ID2171050008",
        "ADM4_REF": null,
        "ADM4ALT1EN": null,
        "ADM4ALT2EN": null,
        "ADM3_EN": "Nongsa",
        "ADM3_PCODE": "ID2171050",
        "ADM2_EN": "Kota Batam",
        "ADM2_PCODE": "ID2171",
        "ADM1_EN": "Kepulauan Riau",
        "ADM1_PCODE": "ID21",
        "ADM0_EN": "Indonesia",
        "ADM0_PCODE": "ID"
      },
      "geometry": {
        "type": "Point",
        "coordinates": [
          104.09740330188684,
          1.413360849056604
        ]
      }
    },
    {
      "type": "Feature",
      "properties": {
        "confidence": 0.933,
        "scene_id": "evt_1.4n_104.2e_20260524",
        "processed_at": "2026-05-26T13:25:14.378400",
        "status": "active",
        "disaster_type": null,
        "wilayah": null,
        "source": null,
        "ADM4_EN": "Sambau",
        "ADM4_PCODE": "ID2171050008",
        "ADM4_REF": null,
        "ADM4ALT1EN": null,
        "ADM4ALT2EN": null,
        "ADM3_EN": "Nongsa",
        "ADM3_PCODE": "ID2171050",
        "ADM2_EN": "Kota Batam",
        "ADM2_PCODE": "ID2171",
        "ADM1_EN": "Kepulauan Riau",
        "ADM1_PCODE": "ID21",
        "ADM0_EN": "Indonesia",
        "ADM0_PCODE": "ID"
      },
      "geometry": {
        "type": "Point",
        "coordinates": [
          104.12865330188684,
          1.413360849056604
        ]
      }
    },
    {
      "type": "Feature",
      "properties": {
        "confidence": 0.9695,
        "scene_id": "evt_1.4n_104.2e_20260524",
        "processed_at": "2026-05-26T13:25:14.378400",
        "status": "active",
        "disaster_type": null,
        "wilayah": null,
        "source": null,
        "ADM4_EN": "Sambau",
        "ADM4_PCODE": "ID2171050008",
        "ADM4_REF": null,
        "ADM4ALT1EN": null,
        "ADM4ALT2EN": null,
        "ADM3_EN": "Nongsa",
        "ADM3_PCODE": "ID2171050",
        "ADM2_EN": "Kota Batam",
        "ADM2_PCODE": "ID2171",
        "ADM1_EN": "Kepulauan Riau",
        "ADM1_PCODE": "ID21",
        "ADM0_EN": "Indonesia",
        "ADM0_PCODE": "ID"
      },
      "geometry": {
        "type": "Point",
        "coordinates": [
          104.15990330188684,
          1.413360849056604
        ]
      }
    },
    {
      "type": "Feature",
      "properties": {
        "confidence": 0.8932,
        "scene_id": "evt_1.4n_104.2e_20260524",
        "processed_at": "2026-05-26T13:25:14.378400",
        "status": "active",
        "disaster_type": null,
        "wilayah": null,
        "source": null,
        "ADM4_EN": "Sambau",
        "ADM4_PCODE": "ID2171050008",
        "ADM4_REF": null,
        "ADM4ALT1EN": null,
        "ADM4ALT2EN": null,
        "ADM3_EN": "Nongsa",
        "ADM3_PCODE": "ID2171050",
        "ADM2_EN": "Kota Batam",
        "ADM2_PCODE": "ID2171",
        "ADM1_EN": "Kepulauan Riau",
        "ADM1_PCODE": "ID21",
        "ADM0_EN": "Indonesia",
        "ADM0_PCODE": "ID"
      },
      "geometry": {
        "type": "Point",
        "coordinates": [
          104.19115330188684,
          1.413360849056604
        ]
      }
    },
    {
      "type": "Feature",
      "properties": {
        "confidence": 0.5001,
        "scene_id": "evt_1.4n_104.2e_20260524",
        "processed_at": "2026-05-26T13:25:14.378400",
        "status": "active",
        "disaster_type": null,
        "wilayah": null,
        "source": null,
        "ADM4_EN": "Sambau",
        "ADM4_PCODE": "ID2171050008",
        "ADM4_REF": null,
        "ADM4ALT1EN": null,
        "ADM4ALT2EN": null,
        "ADM3_EN": "Nongsa",
        "ADM3_PCODE": "ID2171050",
        "ADM2_EN": "Kota Batam",
        "ADM2_PCODE": "ID2171",
        "ADM1_EN": "Kepulauan Riau",
        "ADM1_PCODE": "ID21",
        "ADM0_EN": "Indonesia",
        "ADM0_PCODE": "ID"
      },
      "geometry": {
        "type": "Point",
        "coordinates": [
          104.22240330188684,
          1.413360849056604
        ]
      }
    },
    {
      "type": "Feature",
      "properties": {
        "confidence": 0.8999,
        "scene_id": "evt_1.4n_104.2e_20260524",
        "processed_at": "2026-05-26T13:25:14.378400",
        "status": "active",
        "disaster_type": null,
        "wilayah": null,
        "source": null,
        "ADM4_EN": "Sebong Lagoi",
        "ADM4_PCODE": "ID2102051002",
        "ADM4_REF": null,
        "ADM4ALT1EN": null,
        "ADM4ALT2EN": null,
        "ADM3_EN": "Teluk Sebong",
        "ADM3_PCODE": "ID2102051",
        "ADM2_EN": "Bintan",
        "ADM2_PCODE": "ID2102",
        "ADM1_EN": "Kepulauan Riau",
        "ADM1_PCODE": "ID21",
        "ADM0_EN": "Indonesia",
        "ADM0_PCODE": "ID"
      },
      "geometry": {
        "type": "Point",
        "coordinates": [
          104.25365330188684,
          1.413360849056604
        ]
      }
    },
    {
      "type": "Feature",
      "properties": {
        "confidence": 0.5882,
        "scene_id": "evt_1.4n_104.2e_20260524",
        "processed_at": "2026-05-26T13:25:14.378400",
        "status": "active",
        "disaster_type": null,
        "wilayah": null,
        "source": null,
        "ADM4_EN": "Sebong Lagoi",
        "ADM4_PCODE": "ID2102051002",
        "ADM4_REF": null,
        "ADM4ALT1EN": null,
        "ADM4ALT2EN": null,
        "ADM3_EN": "Teluk Sebong",
        "ADM3_PCODE": "ID2102051",
        "ADM2_EN": "Bintan",
        "ADM2_PCODE": "ID2102",
        "ADM1_EN": "Kepulauan Riau",
        "ADM1_PCODE": "ID21",
        "ADM0_EN": "Indonesia",
        "ADM0_PCODE": "ID"
      },
      "geometry": {
        "type": "Point",
        "coordinates": [
          104.28490330188684,
          1.413360849056604
        ]
      }
    },
    {
      "type": "Feature",
      "properties": {
        "confidence": 0.6199,
        "scene_id": "evt_1.4n_104.2e_20260524",
        "processed_at": "2026-05-26T13:25:14.378400",
        "status": "active",
        "disaster_type": null,
        "wilayah": null,
        "source": null,
        "ADM4_EN": "Sambau",
        "ADM4_PCODE": "ID2171050008",
        "ADM4_REF": null,
        "ADM4ALT1EN": null,
        "ADM4ALT2EN": null,
        "ADM3_EN": "Nongsa",
        "ADM3_PCODE": "ID2171050",
        "ADM2_EN": "Kota Batam",
        "ADM2_PCODE": "ID2171",
        "ADM1_EN": "Kepulauan Riau",
        "ADM1_PCODE": "ID21",
        "ADM0_EN": "Indonesia",
        "ADM0_PCODE": "ID"
      },
      "geometry": {
        "type": "Point",
        "coordinates": [
          104.12865330188684,
          1.382110849056604
        ]
      }
    },
    {
      "type": "Feature",
      "properties": {
        "confidence": 0.9754,
        "scene_id": "evt_1.4n_104.2e_20260524",
        "processed_at": "2026-05-26T13:25:14.378400",
        "status": "active",
        "disaster_type": null,
        "wilayah": null,
        "source": null,
        "ADM4_EN": "Sambau",
        "ADM4_PCODE": "ID2171050008",
        "ADM4_REF": null,
        "ADM4ALT1EN": null,
        "ADM4ALT2EN": null,
        "ADM3_EN": "Nongsa",
        "ADM3_PCODE": "ID2171050",
        "ADM2_EN": "Kota Batam",
        "ADM2_PCODE": "ID2171",
        "ADM1_EN": "Kepulauan Riau",
        "ADM1_PCODE": "ID21",
        "ADM0_EN": "Indonesia",
        "ADM0_PCODE": "ID"
      },
      "geometry": {
        "type": "Point",
        "coordinates": [
          104.15990330188684,
          1.382110849056604
        ]
      }
    },
    {
      "type": "Feature",
      "properties": {
        "confidence": 0.864,
        "scene_id": "evt_1.4n_104.2e_20260524",
        "processed_at": "2026-05-26T13:25:14.378400",
        "status": "active",
        "disaster_type": null,
        "wilayah": null,
        "source": null,
        "ADM4_EN": "Sambau",
        "ADM4_PCODE": "ID2171050008",
        "ADM4_REF": null,
        "ADM4ALT1EN": null,
        "ADM4ALT2EN": null,
        "ADM3_EN": "Nongsa",
        "ADM3_PCODE": "ID2171050",
        "ADM2_EN": "Kota Batam",
        "ADM2_PCODE": "ID2171",
        "ADM1_EN": "Kepulauan Riau",
        "ADM1_PCODE": "ID21",
        "ADM0_EN": "Indonesia",
        "ADM0_PCODE": "ID"
      },
      "geometry": {
        "type": "Point",
        "coordinates": [
          104.19115330188684,
          1.382110849056604
        ]
      }
    },
    {
      "type": "Feature",
      "properties": {
        "confidence": 0.8537,
        "scene_id": "evt_1.4n_104.2e_20260524",
        "processed_at": "2026-05-26T13:25:14.378400",
        "status": "active",
        "disaster_type": null,
        "wilayah": null,
        "source": null,
        "ADM4_EN": "Sambau",
        "ADM4_PCODE": "ID2171050008",
        "ADM4_REF": null,
        "ADM4ALT1EN": null,
        "ADM4ALT2EN": null,
        "ADM3_EN": "Nongsa",
        "ADM3_PCODE": "ID2171050",
        "ADM2_EN": "Kota Batam",
        "ADM2_PCODE": "ID2171",
        "ADM1_EN": "Kepulauan Riau",
        "ADM1_PCODE": "ID21",
        "ADM0_EN": "Indonesia",
        "ADM0_PCODE": "ID"
      },
      "geometry": {
        "type": "Point",
        "coordinates": [
          104.22240330188684,
          1.382110849056604
        ]
      }
    },
    {
      "type": "Feature",
      "properties": {
        "confidence": 0.9855,
        "scene_id": "evt_1.4n_104.2e_20260524",
        "processed_at": "2026-05-26T13:25:14.378400",
        "status": "active",
        "disaster_type": null,
        "wilayah": null,
        "source": null,
        "ADM4_EN": "Sebong Lagoi",
        "ADM4_PCODE": "ID2102051002",
        "ADM4_REF": null,
        "ADM4ALT1EN": null,
        "ADM4ALT2EN": null,
        "ADM3_EN": "Teluk Sebong",
        "ADM3_PCODE": "ID2102051",
        "ADM2_EN": "Bintan",
        "ADM2_PCODE": "ID2102",
        "ADM1_EN": "Kepulauan Riau",
        "ADM1_PCODE": "ID21",
        "ADM0_EN": "Indonesia",
        "ADM0_PCODE": "ID"
      },
      "geometry": {
        "type": "Point",
        "coordinates": [
          104.25365330188684,
          1.382110849056604
        ]
      }
    },
    {
      "type": "Feature",
      "properties": {
        "confidence": 0.309,
        "scene_id": "evt_1.4n_104.2e_20260524",
        "processed_at": "2026-05-26T13:25:14.378400",
        "status": "active",
        "disaster_type": null,
        "wilayah": null,
        "source": null,
        "ADM4_EN": "Sebong Lagoi",
        "ADM4_PCODE": "ID2102051002",
        "ADM4_REF": null,
        "ADM4ALT1EN": null,
        "ADM4ALT2EN": null,
        "ADM3_EN": "Teluk Sebong",
        "ADM3_PCODE": "ID2102051",
        "ADM2_EN": "Bintan",
        "ADM2_PCODE": "ID2102",
        "ADM1_EN": "Kepulauan Riau",
        "ADM1_PCODE": "ID21",
        "ADM0_EN": "Indonesia",
        "ADM0_PCODE": "ID"
      },
      "geometry": {
        "type": "Point",
        "coordinates": [
          104.28490330188684,
          1.382110849056604
        ]
      }
    },
    {
      "type": "Feature",
      "properties": {
        "confidence": 0.6206,
        "scene_id": "evt_1.4n_104.2e_20260524",
        "processed_at": "2026-05-26T13:25:14.378400",
        "status": "active",
        "disaster_type": null,
        "wilayah": null,
        "source": null,
        "ADM4_EN": "Sambau",
        "ADM4_PCODE": "ID2171050008",
        "ADM4_REF": null,
        "ADM4ALT1EN": null,
        "ADM4ALT2EN": null,
        "ADM3_EN": "Nongsa",
        "ADM3_PCODE": "ID2171050",
        "ADM2_EN": "Kota Batam",
        "ADM2_PCODE": "ID2171",
        "ADM1_EN": "Kepulauan Riau",
        "ADM1_PCODE": "ID21",
        "ADM0_EN": "Indonesia",
        "ADM0_PCODE": "ID"
      },
      "geometry": {
        "type": "Point",
        "coordinates": [
          104.12865330188684,
          1.350860849056604
        ]
      }
    },
    {
      "type": "Feature",
      "properties": {
        "confidence": 0.9133,
        "scene_id": "evt_1.4n_104.2e_20260524",
        "processed_at": "2026-05-26T13:25:14.378400",
        "status": "active",
        "disaster_type": null,
        "wilayah": null,
        "source": null,
        "ADM4_EN": "Sambau",
        "ADM4_PCODE": "ID2171050008",
        "ADM4_REF": null,
        "ADM4ALT1EN": null,
        "ADM4ALT2EN": null,
        "ADM3_EN": "Nongsa",
        "ADM3_PCODE": "ID2171050",
        "ADM2_EN": "Kota Batam",
        "ADM2_PCODE": "ID2171",
        "ADM1_EN": "Kepulauan Riau",
        "ADM1_PCODE": "ID21",
        "ADM0_EN": "Indonesia",
        "ADM0_PCODE": "ID"
      },
      "geometry": {
        "type": "Point",
        "coordinates": [
          104.15990330188684,
          1.350860849056604
        ]
      }
    },
    {
      "type": "Feature",
      "properties": {
        "confidence": 0.8555,
        "scene_id": "evt_1.4n_104.2e_20260524",
        "processed_at": "2026-05-26T13:25:14.378400",
        "status": "active",
        "disaster_type": null,
        "wilayah": null,
        "source": null,
        "ADM4_EN": "Sambau",
        "ADM4_PCODE": "ID2171050008",
        "ADM4_REF": null,
        "ADM4ALT1EN": null,
        "ADM4ALT2EN": null,
        "ADM3_EN": "Nongsa",
        "ADM3_PCODE": "ID2171050",
        "ADM2_EN": "Kota Batam",
        "ADM2_PCODE": "ID2171",
        "ADM1_EN": "Kepulauan Riau",
        "ADM1_PCODE": "ID21",
        "ADM0_EN": "Indonesia",
        "ADM0_PCODE": "ID"
      },
      "geometry": {
        "type": "Point",
        "coordinates": [
          104.19115330188684,
          1.350860849056604
        ]
      }
    },
    {
      "type": "Feature",
      "properties": {
        "confidence": 0.834,
        "scene_id": "evt_1.4n_104.2e_20260524",
        "processed_at": "2026-05-26T13:25:14.378400",
        "status": "active",
        "disaster_type": null,
        "wilayah": null,
        "source": null,
        "ADM4_EN": "Sambau",
        "ADM4_PCODE": "ID2171050008",
        "ADM4_REF": null,
        "ADM4ALT1EN": null,
        "ADM4ALT2EN": null,
        "ADM3_EN": "Nongsa",
        "ADM3_PCODE": "ID2171050",
        "ADM2_EN": "Kota Batam",
        "ADM2_PCODE": "ID2171",
        "ADM1_EN": "Kepulauan Riau",
        "ADM1_PCODE": "ID21",
        "ADM0_EN": "Indonesia",
        "ADM0_PCODE": "ID"
      },
      "geometry": {
        "type": "Point",
        "coordinates": [
          104.22240330188684,
          1.350860849056604
        ]
      }
    },
    {
      "type": "Feature",
      "properties": {
        "confidence": 0.4493,
        "scene_id": "evt_1.4n_104.2e_20260524",
        "processed_at": "2026-05-26T13:25:14.378400",
        "status": "active",
        "disaster_type": null,
        "wilayah": null,
        "source": null,
        "ADM4_EN": "Sebong Lagoi",
        "ADM4_PCODE": "ID2102051002",
        "ADM4_REF": null,
        "ADM4ALT1EN": null,
        "ADM4ALT2EN": null,
        "ADM3_EN": "Teluk Sebong",
        "ADM3_PCODE": "ID2102051",
        "ADM2_EN": "Bintan",
        "ADM2_PCODE": "ID2102",
        "ADM1_EN": "Kepulauan Riau",
        "ADM1_PCODE": "ID21",
        "ADM0_EN": "Indonesia",
        "ADM0_PCODE": "ID"
      },
      "geometry": {
        "type": "Point",
        "coordinates": [
          104.25365330188684,
          1.350860849056604
        ]
      }
    },
    {
      "type": "Feature",
      "properties": {
        "confidence": 0.5659,
        "scene_id": "evt_1.4n_104.2e_20260524",
        "processed_at": "2026-05-26T13:25:14.378400",
        "status": "active",
        "disaster_type": null,
        "wilayah": null,
        "source": null,
        "ADM4_EN": "Batu Besar",
        "ADM4_PCODE": "ID2171050003",
        "ADM4_REF": null,
        "ADM4ALT1EN": null,
        "ADM4ALT2EN": null,
        "ADM3_EN": "Nongsa",
        "ADM3_PCODE": "ID2171050",
        "ADM2_EN": "Kota Batam",
        "ADM2_PCODE": "ID2171",
        "ADM1_EN": "Kepulauan Riau",
        "ADM1_PCODE": "ID21",
        "ADM0_EN": "Indonesia",
        "ADM0_PCODE": "ID"
      },
      "geometry": {
        "type": "Point",
        "coordinates": [
          104.22240330188684,
          1.288360849056604
        ]
      }
    },
    {
      "type": "Feature",
      "properties": {
        "confidence": 0.535,
        "scene_id": "evt_1.4n_104.2e_20260524",
        "processed_at": "2026-05-26T13:25:14.378400",
        "status": "active",
        "disaster_type": null,
        "wilayah": null,
        "source": null,
        "ADM4_EN": "Sebong Lagoi",
        "ADM4_PCODE": "ID2102051002",
        "ADM4_REF": null,
        "ADM4ALT1EN": null,
        "ADM4ALT2EN": null,
        "ADM3_EN": "Teluk Sebong",
        "ADM3_PCODE": "ID2102051",
        "ADM2_EN": "Bintan",
        "ADM2_PCODE": "ID2102",
        "ADM1_EN": "Kepulauan Riau",
        "ADM1_PCODE": "ID21",
        "ADM0_EN": "Indonesia",
        "ADM0_PCODE": "ID"
      },
      "geometry": {
        "type": "Point",
        "coordinates": [
          104.25365330188684,
          1.288360849056604
        ]
      }
    },
    {
      "type": "Feature",
      "properties": {
        "confidence": 0.27,
        "scene_id": "evt_1.4n_104.2e_20260524",
        "processed_at": "2026-05-26T13:25:14.378400",
        "status": "active",
        "disaster_type": null,
        "wilayah": null,
        "source": null,
        "ADM4_EN": "Sebong Lagoi",
        "ADM4_PCODE": "ID2102051002",
        "ADM4_REF": null,
        "ADM4ALT1EN": null,
        "ADM4ALT2EN": null,
        "ADM3_EN": "Teluk Sebong",
        "ADM3_PCODE": "ID2102051",
        "ADM2_EN": "Bintan",
        "ADM2_PCODE": "ID2102",
        "ADM1_EN": "Kepulauan Riau",
        "ADM1_PCODE": "ID21",
        "ADM0_EN": "Indonesia",
        "ADM0_PCODE": "ID"
      },
      "geometry": {
        "type": "Point",
        "coordinates": [
          104.37865330188684,
          1.288360849056604
        ]
      }
    },
    {
      "type": "Feature",
      "properties": {
        "confidence": 0.2183,
        "scene_id": "evt_1.4n_104.2e_20260524",
        "processed_at": "2026-05-26T13:25:14.378400",
        "status": "active",
        "disaster_type": null,
        "wilayah": null,
        "source": null,
        "ADM4_EN": "Sambau",
        "ADM4_PCODE": "ID2171050008",
        "ADM4_REF": null,
        "ADM4ALT1EN": null,
        "ADM4ALT2EN": null,
        "ADM3_EN": "Nongsa",
        "ADM3_PCODE": "ID2171050",
        "ADM2_EN": "Kota Batam",
        "ADM2_PCODE": "ID2171",
        "ADM1_EN": "Kepulauan Riau",
        "ADM1_PCODE": "ID21",
        "ADM0_EN": "Indonesia",
        "ADM0_PCODE": "ID"
      },
      "geometry": {
        "type": "Point",
        "coordinates": [
          104.15990330188684,
          1.257110849056604
        ]
      }
    },
    {
      "type": "Feature",
      "properties": {
        "confidence": 0.727,
        "scene_id": "evt_1.4n_104.2e_20260524",
        "processed_at": "2026-05-26T13:25:14.378400",
        "status": "active",
        "disaster_type": null,
        "wilayah": null,
        "source": null,
        "ADM4_EN": "Sambau",
        "ADM4_PCODE": "ID2171050008",
        "ADM4_REF": null,
        "ADM4ALT1EN": null,
        "ADM4ALT2EN": null,
        "ADM3_EN": "Nongsa",
        "ADM3_PCODE": "ID2171050",
        "ADM2_EN": "Kota Batam",
        "ADM2_PCODE": "ID2171",
        "ADM1_EN": "Kepulauan Riau",
        "ADM1_PCODE": "ID21",
        "ADM0_EN": "Indonesia",
        "ADM0_PCODE": "ID"
      },
      "geometry": {
        "type": "Point",
        "coordinates": [
          104.19115330188684,
          1.257110849056604
        ]
      }
    },
    {
      "type": "Feature",
      "properties": {
        "confidence": 0.9668,
        "scene_id": "evt_1.4n_104.2e_20260524",
        "processed_at": "2026-05-26T13:25:14.378400",
        "status": "active",
        "disaster_type": null,
        "wilayah": null,
        "source": null,
        "ADM4_EN": "Batu Besar",
        "ADM4_PCODE": "ID2171050003",
        "ADM4_REF": null,
        "ADM4ALT1EN": null,
        "ADM4ALT2EN": null,
        "ADM3_EN": "Nongsa",
        "ADM3_PCODE": "ID2171050",
        "ADM2_EN": "Kota Batam",
        "ADM2_PCODE": "ID2171",
        "ADM1_EN": "Kepulauan Riau",
        "ADM1_PCODE": "ID21",
        "ADM0_EN": "Indonesia",
        "ADM0_PCODE": "ID"
      },
      "geometry": {
        "type": "Point",
        "coordinates": [
          104.22240330188684,
          1.257110849056604
        ]
      }
    },
    {
      "type": "Feature",
      "properties": {
        "confidence": 0.5511,
        "scene_id": "evt_1.4n_104.2e_20260524",
        "processed_at": "2026-05-26T13:25:14.378400",
        "status": "active",
        "disaster_type": null,
        "wilayah": null,
        "source": null,
        "ADM4_EN": "Sebong Lagoi",
        "ADM4_PCODE": "ID2102051002",
        "ADM4_REF": null,
        "ADM4ALT1EN": null,
        "ADM4ALT2EN": null,
        "ADM3_EN": "Teluk Sebong",
        "ADM3_PCODE": "ID2102051",
        "ADM2_EN": "Bintan",
        "ADM2_PCODE": "ID2102",
        "ADM1_EN": "Kepulauan Riau",
        "ADM1_PCODE": "ID21",
        "ADM0_EN": "Indonesia",
        "ADM0_PCODE": "ID"
      },
      "geometry": {
        "type": "Point",
        "coordinates": [
          104.25365330188684,
          1.257110849056604
        ]
      }
    },
    {
      "type": "Feature",
      "properties": {
        "confidence": 0.2502,
        "scene_id": "evt_1.4n_104.2e_20260524",
        "processed_at": "2026-05-26T13:25:14.378400",
        "status": "active",
        "disaster_type": null,
        "wilayah": null,
        "source": null,
        "ADM4_EN": "Sebong Lagoi",
        "ADM4_PCODE": "ID2102051002",
        "ADM4_REF": null,
        "ADM4ALT1EN": null,
        "ADM4ALT2EN": null,
        "ADM3_EN": "Teluk Sebong",
        "ADM3_PCODE": "ID2102051",
        "ADM2_EN": "Bintan",
        "ADM2_PCODE": "ID2102",
        "ADM1_EN": "Kepulauan Riau",
        "ADM1_PCODE": "ID21",
        "ADM0_EN": "Indonesia",
        "ADM0_PCODE": "ID"
      },
      "geometry": {
        "type": "Point",
        "coordinates": [
          104.28490330188684,
          1.257110849056604
        ]
      }
    },
    {
      "type": "Feature",
      "properties": {
        "confidence": 0.9709,
        "scene_id": "evt_1.4n_104.2e_20260524",
        "processed_at": "2026-05-26T13:25:14.378400",
        "status": "active",
        "disaster_type": null,
        "wilayah": null,
        "source": null,
        "ADM4_EN": "Sebong Lagoi",
        "ADM4_PCODE": "ID2102051002",
        "ADM4_REF": null,
        "ADM4ALT1EN": null,
        "ADM4ALT2EN": null,
        "ADM3_EN": "Teluk Sebong",
        "ADM3_PCODE": "ID2102051",
        "ADM2_EN": "Bintan",
        "ADM2_PCODE": "ID2102",
        "ADM1_EN": "Kepulauan Riau",
        "ADM1_PCODE": "ID21",
        "ADM0_EN": "Indonesia",
        "ADM0_PCODE": "ID"
      },
      "geometry": {
        "type": "Point",
        "coordinates": [
          104.31615330188684,
          1.257110849056604
        ]
      }
    },
    {
      "type": "Feature",
      "properties": {
        "confidence": 0.7705,
        "scene_id": "evt_1.4n_104.2e_20260524",
        "processed_at": "2026-05-26T13:25:14.378400",
        "status": "active",
        "disaster_type": null,
        "wilayah": null,
        "source": null,
        "ADM4_EN": "Sebong Lagoi",
        "ADM4_PCODE": "ID2102051002",
        "ADM4_REF": null,
        "ADM4ALT1EN": null,
        "ADM4ALT2EN": null,
        "ADM3_EN": "Teluk Sebong",
        "ADM3_PCODE": "ID2102051",
        "ADM2_EN": "Bintan",
        "ADM2_PCODE": "ID2102",
        "ADM1_EN": "Kepulauan Riau",
        "ADM1_PCODE": "ID21",
        "ADM0_EN": "Indonesia",
        "ADM0_PCODE": "ID"
      },
      "geometry": {
        "type": "Point",
        "coordinates": [
          104.34740330188684,
          1.257110849056604
        ]
      }
    },
    {
      "type": "Feature",
      "properties": {
        "confidence": 0.257,
        "scene_id": "evt_1.4n_104.2e_20260524",
        "processed_at": "2026-05-26T13:25:14.378400",
        "status": "active",
        "disaster_type": null,
        "wilayah": null,
        "source": null,
        "ADM4_EN": "Sebong Lagoi",
        "ADM4_PCODE": "ID2102051002",
        "ADM4_REF": null,
        "ADM4ALT1EN": null,
        "ADM4ALT2EN": null,
        "ADM3_EN": "Teluk Sebong",
        "ADM3_PCODE": "ID2102051",
        "ADM2_EN": "Bintan",
        "ADM2_PCODE": "ID2102",
        "ADM1_EN": "Kepulauan Riau",
        "ADM1_PCODE": "ID21",
        "ADM0_EN": "Indonesia",
        "ADM0_PCODE": "ID"
      },
      "geometry": {
        "type": "Point",
        "coordinates": [
          104.37865330188684,
          1.257110849056604
        ]
      }
    },
    {
      "type": "Feature",
      "properties": {
        "confidence": 0.3329,
        "scene_id": "evt_1.4n_104.2e_20260524",
        "processed_at": "2026-05-26T13:25:14.378400",
        "status": "active",
        "disaster_type": null,
        "wilayah": null,
        "source": null,
        "ADM4_EN": "Sambau",
        "ADM4_PCODE": "ID2171050008",
        "ADM4_REF": null,
        "ADM4ALT1EN": null,
        "ADM4ALT2EN": null,
        "ADM3_EN": "Nongsa",
        "ADM3_PCODE": "ID2171050",
        "ADM2_EN": "Kota Batam",
        "ADM2_PCODE": "ID2171",
        "ADM1_EN": "Kepulauan Riau",
        "ADM1_PCODE": "ID21",
        "ADM0_EN": "Indonesia",
        "ADM0_PCODE": "ID"
      },
      "geometry": {
        "type": "Point",
        "coordinates": [
          104.15990330188684,
          1.225860849056604
        ]
      }
    },
    {
      "type": "Feature",
      "properties": {
        "confidence": 0.401,
        "scene_id": "evt_1.4n_104.2e_20260524",
        "processed_at": "2026-05-26T13:25:14.378400",
        "status": "active",
        "disaster_type": null,
        "wilayah": null,
        "source": null,
        "ADM4_EN": "Batu Besar",
        "ADM4_PCODE": "ID2171050003",
        "ADM4_REF": null,
        "ADM4ALT1EN": null,
        "ADM4ALT2EN": null,
        "ADM3_EN": "Nongsa",
        "ADM3_PCODE": "ID2171050",
        "ADM2_EN": "Kota Batam",
        "ADM2_PCODE": "ID2171",
        "ADM1_EN": "Kepulauan Riau",
        "ADM1_PCODE": "ID21",
        "ADM0_EN": "Indonesia",
        "ADM0_PCODE": "ID"
      },
      "geometry": {
        "type": "Point",
        "coordinates": [
          104.19115330188684,
          1.225860849056604
        ]
      }
    },
    {
      "type": "Feature",
      "properties": {
        "confidence": 0.2724,
        "scene_id": "evt_1.4n_104.2e_20260524",
        "processed_at": "2026-05-26T13:25:14.378400",
        "status": "active",
        "disaster_type": null,
        "wilayah": null,
        "source": null,
        "ADM4_EN": "Batu Besar",
        "ADM4_PCODE": "ID2171050003",
        "ADM4_REF": null,
        "ADM4ALT1EN": null,
        "ADM4ALT2EN": null,
        "ADM3_EN": "Nongsa",
        "ADM3_PCODE": "ID2171050",
        "ADM2_EN": "Kota Batam",
        "ADM2_PCODE": "ID2171",
        "ADM1_EN": "Kepulauan Riau",
        "ADM1_PCODE": "ID21",
        "ADM0_EN": "Indonesia",
        "ADM0_PCODE": "ID"
      },
      "geometry": {
        "type": "Point",
        "coordinates": [
          104.22240330188684,
          1.225860849056604
        ]
      }
    },
    {
      "type": "Feature",
      "properties": {
        "confidence": 0.6402,
        "scene_id": "evt_1.4n_104.2e_20260524",
        "processed_at": "2026-05-26T13:25:14.378400",
        "status": "active",
        "disaster_type": null,
        "wilayah": null,
        "source": null,
        "ADM4_EN": "Sebong Lagoi",
        "ADM4_PCODE": "ID2102051002",
        "ADM4_REF": null,
        "ADM4ALT1EN": null,
        "ADM4ALT2EN": null,
        "ADM3_EN": "Teluk Sebong",
        "ADM3_PCODE": "ID2102051",
        "ADM2_EN": "Bintan",
        "ADM2_PCODE": "ID2102",
        "ADM1_EN": "Kepulauan Riau",
        "ADM1_PCODE": "ID21",
        "ADM0_EN": "Indonesia",
        "ADM0_PCODE": "ID"
      },
      "geometry": {
        "type": "Point",
        "coordinates": [
          104.28490330188684,
          1.225860849056604
        ]
      }
    },
    {
      "type": "Feature",
      "properties": {
        "confidence": 0.8471,
        "scene_id": "evt_1.4n_104.2e_20260524",
        "processed_at": "2026-05-26T13:25:14.378400",
        "status": "active",
        "disaster_type": null,
        "wilayah": null,
        "source": null,
        "ADM4_EN": "Sebong Lagoi",
        "ADM4_PCODE": "ID2102051002",
        "ADM4_REF": null,
        "ADM4ALT1EN": null,
        "ADM4ALT2EN": null,
        "ADM3_EN": "Teluk Sebong",
        "ADM3_PCODE": "ID2102051",
        "ADM2_EN": "Bintan",
        "ADM2_PCODE": "ID2102",
        "ADM1_EN": "Kepulauan Riau",
        "ADM1_PCODE": "ID21",
        "ADM0_EN": "Indonesia",
        "ADM0_PCODE": "ID"
      },
      "geometry": {
        "type": "Point",
        "coordinates": [
          104.31615330188684,
          1.225860849056604
        ]
      }
    },
    {
      "type": "Feature",
      "properties": {
        "confidence": 0.8796,
        "scene_id": "evt_1.4n_104.2e_20260524",
        "processed_at": "2026-05-26T13:25:14.378400",
        "status": "active",
        "disaster_type": null,
        "wilayah": null,
        "source": null,
        "ADM4_EN": "Sebong Lagoi",
        "ADM4_PCODE": "ID2102051002",
        "ADM4_REF": null,
        "ADM4ALT1EN": null,
        "ADM4ALT2EN": null,
        "ADM3_EN": "Teluk Sebong",
        "ADM3_PCODE": "ID2102051",
        "ADM2_EN": "Bintan",
        "ADM2_PCODE": "ID2102",
        "ADM1_EN": "Kepulauan Riau",
        "ADM1_PCODE": "ID21",
        "ADM0_EN": "Indonesia",
        "ADM0_PCODE": "ID"
      },
      "geometry": {
        "type": "Point",
        "coordinates": [
          104.34740330188684,
          1.225860849056604
        ]
      }
    },
    {
      "type": "Feature",
      "properties": {
        "confidence": 0.8862,
        "scene_id": "evt_1.4n_104.2e_20260524",
        "processed_at": "2026-05-26T13:25:14.378400",
        "status": "active",
        "disaster_type": null,
        "wilayah": null,
        "source": null,
        "ADM4_EN": "Sebong Lagoi",
        "ADM4_PCODE": "ID2102051002",
        "ADM4_REF": null,
        "ADM4ALT1EN": null,
        "ADM4ALT2EN": null,
        "ADM3_EN": "Teluk Sebong",
        "ADM3_PCODE": "ID2102051",
        "ADM2_EN": "Bintan",
        "ADM2_PCODE": "ID2102",
        "ADM1_EN": "Kepulauan Riau",
        "ADM1_PCODE": "ID21",
        "ADM0_EN": "Indonesia",
        "ADM0_PCODE": "ID"
      },
      "geometry": {
        "type": "Point",
        "coordinates": [
          104.37865330188684,
          1.225860849056604
        ]
      }
    },
    {
      "type": "Feature",
      "properties": {
        "confidence": 0.5555,
        "scene_id": "evt_1.4n_104.2e_20260524",
        "processed_at": "2026-05-26T13:25:14.378400",
        "status": "active",
        "disaster_type": null,
        "wilayah": null,
        "source": null,
        "ADM4_EN": "Sebong Lagoi",
        "ADM4_PCODE": "ID2102051002",
        "ADM4_REF": null,
        "ADM4ALT1EN": null,
        "ADM4ALT2EN": null,
        "ADM3_EN": "Teluk Sebong",
        "ADM3_PCODE": "ID2102051",
        "ADM2_EN": "Bintan",
        "ADM2_PCODE": "ID2102",
        "ADM1_EN": "Kepulauan Riau",
        "ADM1_PCODE": "ID21",
        "ADM0_EN": "Indonesia",
        "ADM0_PCODE": "ID"
      },
      "geometry": {
        "type": "Point",
        "coordinates": [
          104.40990330188684,
          1.225860849056604
        ]
      }
    },
    {
      "type": "Feature",
      "properties": {
        "confidence": 0.2955,
        "scene_id": "evt_1.4n_104.2e_20260524",
        "processed_at": "2026-05-26T13:25:14.378400",
        "status": "active",
        "disaster_type": null,
        "wilayah": null,
        "source": null,
        "ADM4_EN": "Sambau",
        "ADM4_PCODE": "ID2171050008",
        "ADM4_REF": null,
        "ADM4ALT1EN": null,
        "ADM4ALT2EN": null,
        "ADM3_EN": "Nongsa",
        "ADM3_PCODE": "ID2171050",
        "ADM2_EN": "Kota Batam",
        "ADM2_PCODE": "ID2171",
        "ADM1_EN": "Kepulauan Riau",
        "ADM1_PCODE": "ID21",
        "ADM0_EN": "Indonesia",
        "ADM0_PCODE": "ID"
      },
      "geometry": {
        "type": "Point",
        "coordinates": [
          104.09740330188684,
          1.194610849056604
        ]
      }
    },
    {
      "type": "Feature",
      "properties": {
        "confidence": 0.2762,
        "scene_id": "evt_1.4n_104.2e_20260524",
        "processed_at": "2026-05-26T13:25:14.379395",
        "status": "active",
        "disaster_type": null,
        "wilayah": null,
        "source": null,
        "ADM4_EN": "Sambau",
        "ADM4_PCODE": "ID2171050008",
        "ADM4_REF": null,
        "ADM4ALT1EN": null,
        "ADM4ALT2EN": null,
        "ADM3_EN": "Nongsa",
        "ADM3_PCODE": "ID2171050",
        "ADM2_EN": "Kota Batam",
        "ADM2_PCODE": "ID2171",
        "ADM1_EN": "Kepulauan Riau",
        "ADM1_PCODE": "ID21",
        "ADM0_EN": "Indonesia",
        "ADM0_PCODE": "ID"
      },
      "geometry": {
        "type": "Point",
        "coordinates": [
          104.12865330188684,
          1.194610849056604
        ]
      }
    },
    {
      "type": "Feature",
      "properties": {
        "confidence": 0.8956,
        "scene_id": "evt_1.4n_104.2e_20260524",
        "processed_at": "2026-05-26T13:25:14.379395",
        "status": "active",
        "disaster_type": null,
        "wilayah": null,
        "source": null,
        "ADM4_EN": "Sebong Lagoi",
        "ADM4_PCODE": "ID2102051002",
        "ADM4_REF": null,
        "ADM4ALT1EN": null,
        "ADM4ALT2EN": null,
        "ADM3_EN": "Teluk Sebong",
        "ADM3_PCODE": "ID2102051",
        "ADM2_EN": "Bintan",
        "ADM2_PCODE": "ID2102",
        "ADM1_EN": "Kepulauan Riau",
        "ADM1_PCODE": "ID21",
        "ADM0_EN": "Indonesia",
        "ADM0_PCODE": "ID"
      },
      "geometry": {
        "type": "Point",
        "coordinates": [
          104.28490330188684,
          1.194610849056604
        ]
      }
    },
    {
      "type": "Feature",
      "properties": {
        "confidence": 0.8126,
        "scene_id": "evt_1.4n_104.2e_20260524",
        "processed_at": "2026-05-26T13:25:14.379395",
        "status": "active",
        "disaster_type": null,
        "wilayah": null,
        "source": null,
        "ADM4_EN": "Sebong Lagoi",
        "ADM4_PCODE": "ID2102051002",
        "ADM4_REF": null,
        "ADM4ALT1EN": null,
        "ADM4ALT2EN": null,
        "ADM3_EN": "Teluk Sebong",
        "ADM3_PCODE": "ID2102051",
        "ADM2_EN": "Bintan",
        "ADM2_PCODE": "ID2102",
        "ADM1_EN": "Kepulauan Riau",
        "ADM1_PCODE": "ID21",
        "ADM0_EN": "Indonesia",
        "ADM0_PCODE": "ID"
      },
      "geometry": {
        "type": "Point",
        "coordinates": [
          104.31615330188684,
          1.194610849056604
        ]
      }
    },
    {
      "type": "Feature",
      "properties": {
        "confidence": 0.9419,
        "scene_id": "evt_1.4n_104.2e_20260524",
        "processed_at": "2026-05-26T13:25:14.379395",
        "status": "active",
        "disaster_type": null,
        "wilayah": null,
        "source": null,
        "ADM4_EN": "Sebong Lagoi",
        "ADM4_PCODE": "ID2102051002",
        "ADM4_REF": null,
        "ADM4ALT1EN": null,
        "ADM4ALT2EN": null,
        "ADM3_EN": "Teluk Sebong",
        "ADM3_PCODE": "ID2102051",
        "ADM2_EN": "Bintan",
        "ADM2_PCODE": "ID2102",
        "ADM1_EN": "Kepulauan Riau",
        "ADM1_PCODE": "ID21",
        "ADM0_EN": "Indonesia",
        "ADM0_PCODE": "ID"
      },
      "geometry": {
        "type": "Point",
        "coordinates": [
          104.34740330188684,
          1.194610849056604
        ]
      }
    },
    {
      "type": "Feature",
      "properties": {
        "confidence": 0.8061,
        "scene_id": "evt_1.4n_104.2e_20260524",
        "processed_at": "2026-05-26T13:25:14.379395",
        "status": "active",
        "disaster_type": null,
        "wilayah": null,
        "source": null,
        "ADM4_EN": "Sebong Lagoi",
        "ADM4_PCODE": "ID2102051002",
        "ADM4_REF": null,
        "ADM4ALT1EN": null,
        "ADM4ALT2EN": null,
        "ADM3_EN": "Teluk Sebong",
        "ADM3_PCODE": "ID2102051",
        "ADM2_EN": "Bintan",
        "ADM2_PCODE": "ID2102",
        "ADM1_EN": "Kepulauan Riau",
        "ADM1_PCODE": "ID21",
        "ADM0_EN": "Indonesia",
        "ADM0_PCODE": "ID"
      },
      "geometry": {
        "type": "Point",
        "coordinates": [
          104.37865330188684,
          1.194610849056604
        ]
      }
    },
    {
      "type": "Feature",
      "properties": {
        "confidence": 0.4573,
        "scene_id": "evt_1.4n_104.2e_20260524",
        "processed_at": "2026-05-26T13:25:14.379395",
        "status": "active",
        "disaster_type": null,
        "wilayah": null,
        "source": null,
        "ADM4_EN": "Sambau",
        "ADM4_PCODE": "ID2171050008",
        "ADM4_REF": null,
        "ADM4ALT1EN": null,
        "ADM4ALT2EN": null,
        "ADM3_EN": "Nongsa",
        "ADM3_PCODE": "ID2171050",
        "ADM2_EN": "Kota Batam",
        "ADM2_PCODE": "ID2171",
        "ADM1_EN": "Kepulauan Riau",
        "ADM1_PCODE": "ID21",
        "ADM0_EN": "Indonesia",
        "ADM0_PCODE": "ID"
      },
      "geometry": {
        "type": "Point",
        "coordinates": [
          104.09740330188684,
          1.163360849056604
        ]
      }
    },
    {
      "type": "Feature",
      "properties": {
        "confidence": 0.9091,
        "scene_id": "evt_1.4n_104.2e_20260524",
        "processed_at": "2026-05-26T13:25:14.379395",
        "status": "active",
        "disaster_type": null,
        "wilayah": null,
        "source": null,
        "ADM4_EN": "Batu Besar",
        "ADM4_PCODE": "ID2171050003",
        "ADM4_REF": null,
        "ADM4ALT1EN": null,
        "ADM4ALT2EN": null,
        "ADM3_EN": "Nongsa",
        "ADM3_PCODE": "ID2171050",
        "ADM2_EN": "Kota Batam",
        "ADM2_PCODE": "ID2171",
        "ADM1_EN": "Kepulauan Riau",
        "ADM1_PCODE": "ID21",
        "ADM0_EN": "Indonesia",
        "ADM0_PCODE": "ID"
      },
      "geometry": {
        "type": "Point",
        "coordinates": [
          104.12865330188684,
          1.163360849056604
        ]
      }
    },
    {
      "type": "Feature",
      "properties": {
        "confidence": 0.3954,
        "scene_id": "evt_1.4n_104.2e_20260524",
        "processed_at": "2026-05-26T13:25:14.379395",
        "status": "active",
        "disaster_type": null,
        "wilayah": null,
        "source": null,
        "ADM4_EN": "Sebong Lagoi",
        "ADM4_PCODE": "ID2102051002",
        "ADM4_REF": null,
        "ADM4ALT1EN": null,
        "ADM4ALT2EN": null,
        "ADM3_EN": "Teluk Sebong",
        "ADM3_PCODE": "ID2102051",
        "ADM2_EN": "Bintan",
        "ADM2_PCODE": "ID2102",
        "ADM1_EN": "Kepulauan Riau",
        "ADM1_PCODE": "ID21",
        "ADM0_EN": "Indonesia",
        "ADM0_PCODE": "ID"
      },
      "geometry": {
        "type": "Point",
        "coordinates": [
          104.28490330188684,
          1.163360849056604
        ]
      }
    },
    {
      "type": "Feature",
      "properties": {
        "confidence": 0.2976,
        "scene_id": "evt_1.4n_104.2e_20260524",
        "processed_at": "2026-05-26T13:25:14.379395",
        "status": "active",
        "disaster_type": null,
        "wilayah": null,
        "source": null,
        "ADM4_EN": "Sebong Lagoi",
        "ADM4_PCODE": "ID2102051002",
        "ADM4_REF": null,
        "ADM4ALT1EN": null,
        "ADM4ALT2EN": null,
        "ADM3_EN": "Teluk Sebong",
        "ADM3_PCODE": "ID2102051",
        "ADM2_EN": "Bintan",
        "ADM2_PCODE": "ID2102",
        "ADM1_EN": "Kepulauan Riau",
        "ADM1_PCODE": "ID21",
        "ADM0_EN": "Indonesia",
        "ADM0_PCODE": "ID"
      },
      "geometry": {
        "type": "Point",
        "coordinates": [
          104.31615330188684,
          1.163360849056604
        ]
      }
    },
    {
      "type": "Feature",
      "properties": {
        "confidence": 0.375,
        "scene_id": "evt_1.4n_104.2e_20260524",
        "processed_at": "2026-05-26T13:25:14.379395",
        "status": "active",
        "disaster_type": null,
        "wilayah": null,
        "source": null,
        "ADM4_EN": "Sebong Lagoi",
        "ADM4_PCODE": "ID2102051002",
        "ADM4_REF": null,
        "ADM4ALT1EN": null,
        "ADM4ALT2EN": null,
        "ADM3_EN": "Teluk Sebong",
        "ADM3_PCODE": "ID2102051",
        "ADM2_EN": "Bintan",
        "ADM2_PCODE": "ID2102",
        "ADM1_EN": "Kepulauan Riau",
        "ADM1_PCODE": "ID21",
        "ADM0_EN": "Indonesia",
        "ADM0_PCODE": "ID"
      },
      "geometry": {
        "type": "Point",
        "coordinates": [
          104.40990330188684,
          1.163360849056604
        ]
      }
    },
    {
      "type": "Feature",
      "properties": {
        "confidence": 0.2763,
        "scene_id": "evt_8.3s_113.7e_20260524",
        "processed_at": "2026-05-26T13:25:14.644020",
        "status": "active",
        "disaster_type": null,
        "wilayah": null,
        "source": null,
        "ADM4_EN": "Manggisan",
        "ADM4_PCODE": "ID3509180006",
        "ADM4_REF": null,
        "ADM4ALT1EN": null,
        "ADM4ALT2EN": null,
        "ADM3_EN": "Tanggul",
        "ADM3_PCODE": "ID3509180",
        "ADM2_EN": "Jember",
        "ADM2_PCODE": "ID3509",
        "ADM1_EN": "Jawa Timur",
        "ADM1_PCODE": "ID35",
        "ADM0_EN": "Indonesia",
        "ADM0_PCODE": "ID"
      },
      "geometry": {
        "type": "Point",
        "coordinates": [
          113.49889919354837,
          -8.124415322580646
        ]
      }
    },
    {
      "type": "Feature",
      "properties": {
        "confidence": 0.2361,
        "scene_id": "evt_8.3s_113.7e_20260524",
        "processed_at": "2026-05-26T13:25:14.644020",
        "status": "active",
        "disaster_type": null,
        "wilayah": null,
        "source": null,
        "ADM4_EN": "Darungan",
        "ADM4_PCODE": "ID3509180005",
        "ADM4_REF": null,
        "ADM4ALT1EN": null,
        "ADM4ALT2EN": null,
        "ADM3_EN": "Tanggul",
        "ADM3_PCODE": "ID3509180",
        "ADM2_EN": "Jember",
        "ADM2_PCODE": "ID3509",
        "ADM1_EN": "Jawa Timur",
        "ADM1_PCODE": "ID35",
        "ADM0_EN": "Indonesia",
        "ADM0_PCODE": "ID"
      },
      "geometry": {
        "type": "Point",
        "coordinates": [
          113.53014919354837,
          -8.124415322580646
        ]
      }
    },
    {
      "type": "Feature",
      "properties": {
        "confidence": 0.3839,
        "scene_id": "evt_8.3s_113.7e_20260524",
        "processed_at": "2026-05-26T13:25:14.644020",
        "status": "active",
        "disaster_type": null,
        "wilayah": null,
        "source": null,
        "ADM4_EN": "Darungan",
        "ADM4_PCODE": "ID3509180005",
        "ADM4_REF": null,
        "ADM4ALT1EN": null,
        "ADM4ALT2EN": null,
        "ADM3_EN": "Tanggul",
        "ADM3_PCODE": "ID3509180",
        "ADM2_EN": "Jember",
        "ADM2_PCODE": "ID3509",
        "ADM1_EN": "Jawa Timur",
        "ADM1_PCODE": "ID35",
        "ADM0_EN": "Indonesia",
        "ADM0_PCODE": "ID"
      },
      "geometry": {
        "type": "Point",
        "coordinates": [
          113.49889919354837,
          -8.155665322580646
        ]
      }
    },
    {
      "type": "Feature",
      "properties": {
        "confidence": 0.2781,
        "scene_id": "evt_8.3s_113.7e_20260524",
        "processed_at": "2026-05-26T13:25:14.644020",
        "status": "active",
        "disaster_type": null,
        "wilayah": null,
        "source": null,
        "ADM4_EN": "Curah Kalong",
        "ADM4_PCODE": "ID3509190008",
        "ADM4_REF": null,
        "ADM4ALT1EN": null,
        "ADM4ALT2EN": null,
        "ADM3_EN": "Bangsalsari",
        "ADM3_PCODE": "ID3509190",
        "ADM2_EN": "Jember",
        "ADM2_PCODE": "ID3509",
        "ADM1_EN": "Jawa Timur",
        "ADM1_PCODE": "ID35",
        "ADM0_EN": "Indonesia",
        "ADM0_PCODE": "ID"
      },
      "geometry": {
        "type": "Point",
        "coordinates": [
          113.53014919354837,
          -8.155665322580646
        ]
      }
    },
    {
      "type": "Feature",
      "properties": {
        "confidence": 0.2593,
        "scene_id": "evt_8.3s_113.7e_20260524",
        "processed_at": "2026-05-26T13:25:14.645020",
        "status": "active",
        "disaster_type": null,
        "wilayah": null,
        "source": null,
        "ADM4_EN": "Banjarsari",
        "ADM4_PCODE": "ID3509190010",
        "ADM4_REF": null,
        "ADM4ALT1EN": null,
        "ADM4ALT2EN": null,
        "ADM3_EN": "Bangsalsari",
        "ADM3_PCODE": "ID3509190",
        "ADM2_EN": "Jember",
        "ADM2_PCODE": "ID3509",
        "ADM1_EN": "Jawa Timur",
        "ADM1_PCODE": "ID35",
        "ADM0_EN": "Indonesia",
        "ADM0_PCODE": "ID"
      },
      "geometry": {
        "type": "Point",
        "coordinates": [
          113.56139919354837,
          -8.155665322580646
        ]
      }
    },
    {
      "type": "Feature",
      "properties": {
        "confidence": 0.2218,
        "scene_id": "evt_8.3s_113.7e_20260524",
        "processed_at": "2026-05-26T13:25:14.645020",
        "status": "active",
        "disaster_type": null,
        "wilayah": null,
        "source": null,
        "ADM4_EN": "Tegal Gede",
        "ADM4_PCODE": "ID3509720006",
        "ADM4_REF": null,
        "ADM4ALT1EN": null,
        "ADM4ALT2EN": null,
        "ADM3_EN": "Sumbersari",
        "ADM3_PCODE": "ID3509720",
        "ADM2_EN": "Jember",
        "ADM2_PCODE": "ID3509",
        "ADM1_EN": "Jawa Timur",
        "ADM1_PCODE": "ID35",
        "ADM0_EN": "Indonesia",
        "ADM0_PCODE": "ID"
      },
      "geometry": {
        "type": "Point",
        "coordinates": [
          113.71764919354837,
          -8.155665322580646
        ]
      }
    },
    {
      "type": "Feature",
      "properties": {
        "confidence": 0.2126,
        "scene_id": "evt_8.3s_113.7e_20260524",
        "processed_at": "2026-05-26T13:25:14.645020",
        "status": "active",
        "disaster_type": null,
        "wilayah": null,
        "source": null,
        "ADM4_EN": "Tegal Besar",
        "ADM4_PCODE": "ID3509710004",
        "ADM4_REF": null,
        "ADM4ALT1EN": null,
        "ADM4ALT2EN": null,
        "ADM3_EN": "Kaliwates",
        "ADM3_PCODE": "ID3509710",
        "ADM2_EN": "Jember",
        "ADM2_PCODE": "ID3509",
        "ADM1_EN": "Jawa Timur",
        "ADM1_PCODE": "ID35",
        "ADM0_EN": "Indonesia",
        "ADM0_PCODE": "ID"
      },
      "geometry": {
        "type": "Point",
        "coordinates": [
          113.68639919354837,
          -8.186915322580646
        ]
      }
    },
    {
      "type": "Feature",
      "properties": {
        "confidence": 0.5025,
        "scene_id": "evt_8.3s_113.7e_20260524",
        "processed_at": "2026-05-26T13:25:14.645020",
        "status": "active",
        "disaster_type": null,
        "wilayah": null,
        "source": null,
        "ADM4_EN": "Wirowongso",
        "ADM4_PCODE": "ID3509110006",
        "ADM4_REF": null,
        "ADM4ALT1EN": null,
        "ADM4ALT2EN": null,
        "ADM3_EN": "Ajung",
        "ADM3_PCODE": "ID3509110",
        "ADM2_EN": "Jember",
        "ADM2_PCODE": "ID3509",
        "ADM1_EN": "Jawa Timur",
        "ADM1_PCODE": "ID35",
        "ADM0_EN": "Indonesia",
        "ADM0_PCODE": "ID"
      },
      "geometry": {
        "type": "Point",
        "coordinates": [
          113.68639919354837,
          -8.218165322580646
        ]
      }
    },
    {
      "type": "Feature",
      "properties": {
        "confidence": 0.2112,
        "scene_id": "evt_8.3s_113.7e_20260524",
        "processed_at": "2026-05-26T13:25:14.645020",
        "status": "active",
        "disaster_type": null,
        "wilayah": null,
        "source": null,
        "ADM4_EN": "Rowo Indah",
        "ADM4_PCODE": "ID3509110007",
        "ADM4_REF": null,
        "ADM4ALT1EN": null,
        "ADM4ALT2EN": null,
        "ADM3_EN": "Ajung",
        "ADM3_PCODE": "ID3509110",
        "ADM2_EN": "Jember",
        "ADM2_PCODE": "ID3509",
        "ADM1_EN": "Jawa Timur",
        "ADM1_PCODE": "ID35",
        "ADM0_EN": "Indonesia",
        "ADM0_PCODE": "ID"
      },
      "geometry": {
        "type": "Point",
        "coordinates": [
          113.71764919354837,
          -8.218165322580646
        ]
      }
    },
    {
      "type": "Feature",
      "properties": {
        "confidence": 0.352,
        "scene_id": "evt_8.3s_113.7e_20260524",
        "processed_at": "2026-05-26T13:25:14.645020",
        "status": "active",
        "disaster_type": null,
        "wilayah": null,
        "source": null,
        "ADM4_EN": "Sukamakmur",
        "ADM4_PCODE": "ID3509110002",
        "ADM4_REF": null,
        "ADM4ALT1EN": null,
        "ADM4ALT2EN": null,
        "ADM3_EN": "Ajung",
        "ADM3_PCODE": "ID3509110",
        "ADM2_EN": "Jember",
        "ADM2_PCODE": "ID3509",
        "ADM1_EN": "Jawa Timur",
        "ADM1_PCODE": "ID35",
        "ADM0_EN": "Indonesia",
        "ADM0_PCODE": "ID"
      },
      "geometry": {
        "type": "Point",
        "coordinates": [
          113.65514919354837,
          -8.249415322580646
        ]
      }
    },
    {
      "type": "Feature",
      "properties": {
        "confidence": 0.5977,
        "scene_id": "evt_8.3s_113.7e_20260524",
        "processed_at": "2026-05-26T13:25:14.645020",
        "status": "active",
        "disaster_type": null,
        "wilayah": null,
        "source": null,
        "ADM4_EN": "Jenggawah",
        "ADM4_PCODE": "ID3509100007",
        "ADM4_REF": null,
        "ADM4ALT1EN": null,
        "ADM4ALT2EN": null,
        "ADM3_EN": "Jenggawah",
        "ADM3_PCODE": "ID3509100",
        "ADM2_EN": "Jember",
        "ADM2_PCODE": "ID3509",
        "ADM1_EN": "Jawa Timur",
        "ADM1_PCODE": "ID35",
        "ADM0_EN": "Indonesia",
        "ADM0_PCODE": "ID"
      },
      "geometry": {
        "type": "Point",
        "coordinates": [
          113.68639919354837,
          -8.249415322580646
        ]
      }
    },
    {
      "type": "Feature",
      "properties": {
        "confidence": 0.4401,
        "scene_id": "evt_8.3s_113.7e_20260524",
        "processed_at": "2026-05-26T13:25:14.645020",
        "status": "active",
        "disaster_type": null,
        "wilayah": null,
        "source": null,
        "ADM4_EN": "Tutul",
        "ADM4_PCODE": "ID3509130003",
        "ADM4_REF": null,
        "ADM4ALT1EN": null,
        "ADM4ALT2EN": null,
        "ADM3_EN": "Balung",
        "ADM3_PCODE": "ID3509130",
        "ADM2_EN": "Jember",
        "ADM2_PCODE": "ID3509",
        "ADM1_EN": "Jawa Timur",
        "ADM1_PCODE": "ID35",
        "ADM0_EN": "Indonesia",
        "ADM0_PCODE": "ID"
      },
      "geometry": {
        "type": "Point",
        "coordinates": [
          113.49889919354837,
          -8.280665322580646
        ]
      }
    },
    {
      "type": "Feature",
      "properties": {
        "confidence": 0.5636,
        "scene_id": "evt_8.3s_113.7e_20260524",
        "processed_at": "2026-05-26T13:25:14.645020",
        "status": "active",
        "disaster_type": null,
        "wilayah": null,
        "source": null,
        "ADM4_EN": "Balung Kulon",
        "ADM4_PCODE": "ID3509130004",
        "ADM4_REF": null,
        "ADM4ALT1EN": null,
        "ADM4ALT2EN": null,
        "ADM3_EN": "Balung",
        "ADM3_PCODE": "ID3509130",
        "ADM2_EN": "Jember",
        "ADM2_PCODE": "ID3509",
        "ADM1_EN": "Jawa Timur",
        "ADM1_PCODE": "ID35",
        "ADM0_EN": "Indonesia",
        "ADM0_PCODE": "ID"
      },
      "geometry": {
        "type": "Point",
        "coordinates": [
          113.53014919354837,
          -8.280665322580646
        ]
      }
    },
    {
      "type": "Feature",
      "properties": {
        "confidence": 0.2072,
        "scene_id": "evt_8.3s_113.7e_20260524",
        "processed_at": "2026-05-26T13:25:14.645020",
        "status": "active",
        "disaster_type": null,
        "wilayah": null,
        "source": null,
        "ADM4_EN": "Glundengan",
        "ADM4_PCODE": "ID3509040007",
        "ADM4_REF": null,
        "ADM4ALT1EN": null,
        "ADM4ALT2EN": null,
        "ADM3_EN": "Wuluhan",
        "ADM3_PCODE": "ID3509040",
        "ADM2_EN": "Jember",
        "ADM2_PCODE": "ID3509",
        "ADM1_EN": "Jawa Timur",
        "ADM1_PCODE": "ID35",
        "ADM0_EN": "Indonesia",
        "ADM0_PCODE": "ID"
      },
      "geometry": {
        "type": "Point",
        "coordinates": [
          113.56139919354837,
          -8.280665322580646
        ]
      }
    },
    {
      "type": "Feature",
      "properties": {
        "confidence": 0.6344,
        "scene_id": "evt_8.3s_113.7e_20260524",
        "processed_at": "2026-05-26T13:25:14.645020",
        "status": "active",
        "disaster_type": null,
        "wilayah": null,
        "source": null,
        "ADM4_EN": "Wonosari",
        "ADM4_PCODE": "ID3509030009",
        "ADM4_REF": null,
        "ADM4ALT1EN": null,
        "ADM4ALT2EN": null,
        "ADM3_EN": "Puger",
        "ADM3_PCODE": "ID3509030",
        "ADM2_EN": "Jember",
        "ADM2_PCODE": "ID3509",
        "ADM1_EN": "Jawa Timur",
        "ADM1_PCODE": "ID35",
        "ADM0_EN": "Indonesia",
        "ADM0_PCODE": "ID"
      },
      "geometry": {
        "type": "Point",
        "coordinates": [
          113.49889919354837,
          -8.311915322580646
        ]
      }
    },
    {
      "type": "Feature",
      "properties": {
        "confidence": 0.3139,
        "scene_id": "evt_8.3s_113.7e_20260524",
        "processed_at": "2026-05-26T13:25:14.645020",
        "status": "active",
        "disaster_type": null,
        "wilayah": null,
        "source": null,
        "ADM4_EN": "Tamansari",
        "ADM4_PCODE": "ID3509040006",
        "ADM4_REF": null,
        "ADM4ALT1EN": null,
        "ADM4ALT2EN": null,
        "ADM3_EN": "Wuluhan",
        "ADM3_PCODE": "ID3509040",
        "ADM2_EN": "Jember",
        "ADM2_PCODE": "ID3509",
        "ADM1_EN": "Jawa Timur",
        "ADM1_PCODE": "ID35",
        "ADM0_EN": "Indonesia",
        "ADM0_PCODE": "ID"
      },
      "geometry": {
        "type": "Point",
        "coordinates": [
          113.56139919354837,
          -8.311915322580646
        ]
      }
    },
    {
      "type": "Feature",
      "properties": {
        "confidence": 0.5173,
        "scene_id": "evt_8.3s_113.7e_20260524",
        "processed_at": "2026-05-26T13:25:14.645020",
        "status": "active",
        "disaster_type": null,
        "wilayah": null,
        "source": null,
        "ADM4_EN": "Tanjung Rejo",
        "ADM4_PCODE": "ID3509040003",
        "ADM4_REF": null,
        "ADM4ALT1EN": null,
        "ADM4ALT2EN": null,
        "ADM3_EN": "Wuluhan",
        "ADM3_PCODE": "ID3509040",
        "ADM2_EN": "Jember",
        "ADM2_PCODE": "ID3509",
        "ADM1_EN": "Jawa Timur",
        "ADM1_PCODE": "ID35",
        "ADM0_EN": "Indonesia",
        "ADM0_PCODE": "ID"
      },
      "geometry": {
        "type": "Point",
        "coordinates": [
          113.59264919354837,
          -8.311915322580646
        ]
      }
    },
    {
      "type": "Feature",
      "properties": {
        "confidence": 0.5835,
        "scene_id": "evt_8.3s_113.7e_20260524",
        "processed_at": "2026-05-26T13:25:14.645020",
        "status": "active",
        "disaster_type": null,
        "wilayah": null,
        "source": null,
        "ADM4_EN": "Lojejer",
        "ADM4_PCODE": "ID3509040001",
        "ADM4_REF": null,
        "ADM4ALT1EN": null,
        "ADM4ALT2EN": null,
        "ADM3_EN": "Wuluhan",
        "ADM3_PCODE": "ID3509040",
        "ADM2_EN": "Jember",
        "ADM2_PCODE": "ID3509",
        "ADM1_EN": "Jawa Timur",
        "ADM1_PCODE": "ID35",
        "ADM0_EN": "Indonesia",
        "ADM0_PCODE": "ID"
      },
      "geometry": {
        "type": "Point",
        "coordinates": [
          113.49889919354837,
          -8.343165322580646
        ]
      }
    },
    {
      "type": "Feature",
      "properties": {
        "confidence": 0.5954,
        "scene_id": "evt_8.3s_113.7e_20260524",
        "processed_at": "2026-05-26T13:25:14.645020",
        "status": "active",
        "disaster_type": null,
        "wilayah": null,
        "source": null,
        "ADM4_EN": "Andongsari",
        "ADM4_PCODE": "ID3509050002",
        "ADM4_REF": null,
        "ADM4ALT1EN": null,
        "ADM4ALT2EN": null,
        "ADM3_EN": "Ambulu",
        "ADM3_PCODE": "ID3509050",
        "ADM2_EN": "Jember",
        "ADM2_PCODE": "ID3509",
        "ADM1_EN": "Jawa Timur",
        "ADM1_PCODE": "ID35",
        "ADM0_EN": "Indonesia",
        "ADM0_PCODE": "ID"
      },
      "geometry": {
        "type": "Point",
        "coordinates": [
          113.62389919354837,
          -8.374415322580646
        ]
      }
    },
    {
      "type": "Feature",
      "properties": {
        "confidence": 0.2069,
        "scene_id": "evt_8.3s_113.7e_20260524",
        "processed_at": "2026-05-26T13:25:14.645020",
        "status": "active",
        "disaster_type": null,
        "wilayah": null,
        "source": null,
        "ADM4_EN": "Sanenrejo",
        "ADM4_PCODE": "ID3509060003",
        "ADM4_REF": null,
        "ADM4ALT1EN": null,
        "ADM4ALT2EN": null,
        "ADM3_EN": "Tempurejo",
        "ADM3_PCODE": "ID3509060",
        "ADM2_EN": "Jember",
        "ADM2_PCODE": "ID3509",
        "ADM1_EN": "Jawa Timur",
        "ADM1_PCODE": "ID35",
        "ADM0_EN": "Indonesia",
        "ADM0_PCODE": "ID"
      },
      "geometry": {
        "type": "Point",
        "coordinates": [
          113.81139919354837,
          -8.374415322580646
        ]
      }
    },
    {
      "type": "Feature",
      "properties": {
        "confidence": 0.2387,
        "scene_id": "evt_8.3s_113.7e_20260524",
        "processed_at": "2026-05-26T13:25:14.645020",
        "status": "active",
        "disaster_type": null,
        "wilayah": null,
        "source": null,
        "ADM4_EN": "Sabrang",
        "ADM4_PCODE": "ID3509050003",
        "ADM4_REF": null,
        "ADM4ALT1EN": null,
        "ADM4ALT2EN": null,
        "ADM3_EN": "Ambulu",
        "ADM3_PCODE": "ID3509050",
        "ADM2_EN": "Jember",
        "ADM2_PCODE": "ID3509",
        "ADM1_EN": "Jawa Timur",
        "ADM1_PCODE": "ID35",
        "ADM0_EN": "Indonesia",
        "ADM0_PCODE": "ID"
      },
      "geometry": {
        "type": "Point",
        "coordinates": [
          113.62389919354837,
          -8.405665322580646
        ]
      }
    },
    {
      "type": "Feature",
      "properties": {
        "confidence": 0.302,
        "scene_id": "evt_8.3s_113.7e_20260524",
        "processed_at": "2026-05-26T13:25:14.645020",
        "status": "active",
        "disaster_type": null,
        "wilayah": null,
        "source": null,
        "ADM4_EN": "Curahnongko",
        "ADM4_PCODE": "ID3509060002",
        "ADM4_REF": null,
        "ADM4ALT1EN": null,
        "ADM4ALT2EN": null,
        "ADM3_EN": "Tempurejo",
        "ADM3_PCODE": "ID3509060",
        "ADM2_EN": "Jember",
        "ADM2_PCODE": "ID3509",
        "ADM1_EN": "Jawa Timur",
        "ADM1_PCODE": "ID35",
        "ADM0_EN": "Indonesia",
        "ADM0_PCODE": "ID"
      },
      "geometry": {
        "type": "Point",
        "coordinates": [
          113.68639919354837,
          -8.405665322580646
        ]
      }
    },
    {
      "type": "Feature",
      "properties": {
        "confidence": 0.7514,
        "scene_id": "evt_8.3s_113.7e_20260524",
        "processed_at": "2026-05-26T13:25:14.645020",
        "status": "active",
        "disaster_type": null,
        "wilayah": null,
        "source": null,
        "ADM4_EN": "Andongrejo",
        "ADM4_PCODE": "ID3509060001",
        "ADM4_REF": null,
        "ADM4ALT1EN": null,
        "ADM4ALT2EN": null,
        "ADM3_EN": "Tempurejo",
        "ADM3_PCODE": "ID3509060",
        "ADM2_EN": "Jember",
        "ADM2_PCODE": "ID3509",
        "ADM1_EN": "Jawa Timur",
        "ADM1_PCODE": "ID35",
        "ADM0_EN": "Indonesia",
        "ADM0_PCODE": "ID"
      },
      "geometry": {
        "type": "Point",
        "coordinates": [
          113.78014919354837,
          -8.405665322580646
        ]
      }
    },
    {
      "type": "Feature",
      "properties": {
        "confidence": 0.4716,
        "scene_id": "evt_8.3s_113.7e_20260524",
        "processed_at": "2026-05-26T13:25:14.645020",
        "status": "active",
        "disaster_type": null,
        "wilayah": null,
        "source": null,
        "ADM4_EN": "Andongrejo",
        "ADM4_PCODE": "ID3509060001",
        "ADM4_REF": null,
        "ADM4ALT1EN": null,
        "ADM4ALT2EN": null,
        "ADM3_EN": "Tempurejo",
        "ADM3_PCODE": "ID3509060",
        "ADM2_EN": "Jember",
        "ADM2_PCODE": "ID3509",
        "ADM1_EN": "Jawa Timur",
        "ADM1_PCODE": "ID35",
        "ADM0_EN": "Indonesia",
        "ADM0_PCODE": "ID"
      },
      "geometry": {
        "type": "Point",
        "coordinates": [
          113.81139919354837,
          -8.405665322580646
        ]
      }
    },
    {
      "type": "Feature",
      "properties": {
        "confidence": 0.2847,
        "scene_id": "evt_8.3s_113.7e_20260524",
        "processed_at": "2026-05-26T13:25:14.645020",
        "status": "active",
        "disaster_type": null,
        "wilayah": null,
        "source": null,
        "ADM4_EN": "Sumberrejo",
        "ADM4_PCODE": "ID3509050001",
        "ADM4_REF": null,
        "ADM4ALT1EN": null,
        "ADM4ALT2EN": null,
        "ADM3_EN": "Ambulu",
        "ADM3_PCODE": "ID3509050",
        "ADM2_EN": "Jember",
        "ADM2_PCODE": "ID3509",
        "ADM1_EN": "Jawa Timur",
        "ADM1_PCODE": "ID35",
        "ADM0_EN": "Indonesia",
        "ADM0_PCODE": "ID"
      },
      "geometry": {
        "type": "Point",
        "coordinates": [
          113.56139919354837,
          -8.436915322580646
        ]
      }
    },
    {
      "type": "Feature",
      "properties": {
        "confidence": 0.2255,
        "scene_id": "evt_8.3s_113.7e_20260524",
        "processed_at": "2026-05-26T13:25:14.645020",
        "status": "active",
        "disaster_type": null,
        "wilayah": null,
        "source": null,
        "ADM4_EN": "Sabrang",
        "ADM4_PCODE": "ID3509050003",
        "ADM4_REF": null,
        "ADM4ALT1EN": null,
        "ADM4ALT2EN": null,
        "ADM3_EN": "Ambulu",
        "ADM3_PCODE": "ID3509050",
        "ADM2_EN": "Jember",
        "ADM2_PCODE": "ID3509",
        "ADM1_EN": "Jawa Timur",
        "ADM1_PCODE": "ID35",
        "ADM0_EN": "Indonesia",
        "ADM0_PCODE": "ID"
      },
      "geometry": {
        "type": "Point",
        "coordinates": [
          113.59264919354837,
          -8.436915322580646
        ]
      }
    },
    {
      "type": "Feature",
      "properties": {
        "confidence": 0.3536,
        "scene_id": "evt_8.3s_113.7e_20260524",
        "processed_at": "2026-05-26T13:25:14.645020",
        "status": "active",
        "disaster_type": null,
        "wilayah": null,
        "source": null,
        "ADM4_EN": "Sabrang",
        "ADM4_PCODE": "ID3509050003",
        "ADM4_REF": null,
        "ADM4ALT1EN": null,
        "ADM4ALT2EN": null,
        "ADM3_EN": "Ambulu",
        "ADM3_PCODE": "ID3509050",
        "ADM2_EN": "Jember",
        "ADM2_PCODE": "ID3509",
        "ADM1_EN": "Jawa Timur",
        "ADM1_PCODE": "ID35",
        "ADM0_EN": "Indonesia",
        "ADM0_PCODE": "ID"
      },
      "geometry": {
        "type": "Point",
        "coordinates": [
          113.62389919354837,
          -8.436915322580646
        ]
      }
    },
    {
      "type": "Feature",
      "properties": {
        "confidence": 0.2039,
        "scene_id": "evt_8.3s_113.7e_20260524",
        "processed_at": "2026-05-26T13:25:14.645020",
        "status": "active",
        "disaster_type": null,
        "wilayah": null,
        "source": null,
        "ADM4_EN": "Curahnongko",
        "ADM4_PCODE": "ID3509060002",
        "ADM4_REF": null,
        "ADM4ALT1EN": null,
        "ADM4ALT2EN": null,
        "ADM3_EN": "Tempurejo",
        "ADM3_PCODE": "ID3509060",
        "ADM2_EN": "Jember",
        "ADM2_PCODE": "ID3509",
        "ADM1_EN": "Jawa Timur",
        "ADM1_PCODE": "ID35",
        "ADM0_EN": "Indonesia",
        "ADM0_PCODE": "ID"
      },
      "geometry": {
        "type": "Point",
        "coordinates": [
          113.62389919354837,
          -8.468165322580646
        ]
      }
    },
    {
      "type": "Feature",
      "properties": {
        "confidence": 0.304,
        "scene_id": "evt_8.3s_113.7e_20260524",
        "processed_at": "2026-05-26T13:25:14.645020",
        "status": "active",
        "disaster_type": null,
        "wilayah": null,
        "source": null,
        "ADM4_EN": "Andongrejo",
        "ADM4_PCODE": "ID3509060001",
        "ADM4_REF": null,
        "ADM4ALT1EN": null,
        "ADM4ALT2EN": null,
        "ADM3_EN": "Tempurejo",
        "ADM3_PCODE": "ID3509060",
        "ADM2_EN": "Jember",
        "ADM2_PCODE": "ID3509",
        "ADM1_EN": "Jawa Timur",
        "ADM1_PCODE": "ID35",
        "ADM0_EN": "Indonesia",
        "ADM0_PCODE": "ID"
      },
      "geometry": {
        "type": "Point",
        "coordinates": [
          113.68639919354837,
          -8.499415322580646
        ]
      }
    },
    {
      "type": "Feature",
      "properties": {
        "confidence": 0.3351,
        "scene_id": "evt_8.3s_113.7e_20260524",
        "processed_at": "2026-05-26T13:25:14.645020",
        "status": "active",
        "disaster_type": null,
        "wilayah": null,
        "source": null,
        "ADM4_EN": "Andongrejo",
        "ADM4_PCODE": "ID3509060001",
        "ADM4_REF": null,
        "ADM4ALT1EN": null,
        "ADM4ALT2EN": null,
        "ADM3_EN": "Tempurejo",
        "ADM3_PCODE": "ID3509060",
        "ADM2_EN": "Jember",
        "ADM2_PCODE": "ID3509",
        "ADM1_EN": "Jawa Timur",
        "ADM1_PCODE": "ID35",
        "ADM0_EN": "Indonesia",
        "ADM0_PCODE": "ID"
      },
      "geometry": {
        "type": "Point",
        "coordinates": [
          113.71764919354837,
          -8.499415322580646
        ]
      }
    },
    {
      "type": "Feature",
      "properties": {
        "confidence": 0.2054,
        "scene_id": "evt_8.3s_113.7e_20260524",
        "processed_at": "2026-05-26T13:25:14.645020",
        "status": "active",
        "disaster_type": null,
        "wilayah": null,
        "source": null,
        "ADM4_EN": "Andongrejo",
        "ADM4_PCODE": "ID3509060001",
        "ADM4_REF": null,
        "ADM4ALT1EN": null,
        "ADM4ALT2EN": null,
        "ADM3_EN": "Tempurejo",
        "ADM3_PCODE": "ID3509060",
        "ADM2_EN": "Jember",
        "ADM2_PCODE": "ID3509",
        "ADM1_EN": "Jawa Timur",
        "ADM1_PCODE": "ID35",
        "ADM0_EN": "Indonesia",
        "ADM0_PCODE": "ID"
      },
      "geometry": {
        "type": "Point",
        "coordinates": [
          113.78014919354837,
          -8.499415322580646
        ]
      }
    },
    {
      "type": "Feature",
      "properties": {
        "confidence": 0.5,
        "scene_id": "nowcast_2.49.0.1.360.0.2026.05.26.06.32.001",
        "processed_at": "2026-05-26 13:31:57",
        "status": "active",
        "disaster_type": "Banjir",
        "wilayah": "Jawa Barat (Desa Mayang)",
        "source": "BMKG"
      },
      "geometry": {
        "type": "Point",
        "coordinates": [
          107.750783,
          -6.75967
        ]
      }
    }
  ]
}